-- MySQL dump 10.13  Distrib 8.0.18, for Win64 (x86_64)
--
-- Host: localhost    Database: elearning_v2
-- ------------------------------------------------------
-- Server version	5.7.28-log

/*!40101 SET @OLD_CHARACTER_SET_CLIENT=@@CHARACTER_SET_CLIENT */;
/*!40101 SET @OLD_CHARACTER_SET_RESULTS=@@CHARACTER_SET_RESULTS */;
/*!40101 SET @OLD_COLLATION_CONNECTION=@@COLLATION_CONNECTION */;
/*!50503 SET NAMES utf8 */;
/*!40103 SET @OLD_TIME_ZONE=@@TIME_ZONE */;
/*!40103 SET TIME_ZONE='+00:00' */;
/*!40014 SET @OLD_UNIQUE_CHECKS=@@UNIQUE_CHECKS, UNIQUE_CHECKS=0 */;
/*!40014 SET @OLD_FOREIGN_KEY_CHECKS=@@FOREIGN_KEY_CHECKS, FOREIGN_KEY_CHECKS=0 */;
/*!40101 SET @OLD_SQL_MODE=@@SQL_MODE, SQL_MODE='NO_AUTO_VALUE_ON_ZERO' */;
/*!40111 SET @OLD_SQL_NOTES=@@SQL_NOTES, SQL_NOTES=0 */;

--
-- Table structure for table `apply_teacher`
--

DROP TABLE IF EXISTS `apply_teacher`;
/*!40101 SET @saved_cs_client     = @@character_set_client */;
/*!50503 SET character_set_client = utf8mb4 */;
CREATE TABLE `apply_teacher` (
  `id` int(11) NOT NULL AUTO_INCREMENT,
  `info` varchar(255) COLLATE utf8_unicode_ci NOT NULL,
  `apply_date` datetime DEFAULT NULL,
  `id_teacher` int(11) NOT NULL,
  PRIMARY KEY (`id`)
) ENGINE=InnoDB AUTO_INCREMENT=5 DEFAULT CHARSET=utf8 COLLATE=utf8_unicode_ci;
/*!40101 SET character_set_client = @saved_cs_client */;

--
-- Dumping data for table `apply_teacher`
--

LOCK TABLES `apply_teacher` WRITE;
/*!40000 ALTER TABLE `apply_teacher` DISABLE KEYS */;
INSERT INTO `apply_teacher` VALUES (1,'TS. Nguyễn Hữu Duy được biết đến không chỉ là một giảng viên xuất sắc của Khoa Quản trị Kinh doanh, Đại học Ngân hàng TP. Hồ Chí Minh mà còn là một diễn giả chuyên nghiệp, một chuyên gia hàng đầu trong nhiều lĩnh vực đào tạo, hoạt động thực tiễn...','2021-08-09 17:34:59',1),(2,'Giảng viên Ngọc Minh Duy  là quản lý, chuyên gia trong lĩnh vực Phân tích số liệu (data analysis).','2021-01-12 17:34:59',2),(3,'Trần Vũ Công: CEO Công ty CP Tích Hợp Dịch Vụ Số thành lập từ 2008.','2021-10-12 17:34:59',3),(4,'Composer & Sound Editor: Nguyễn Văn Diện.','2021-01-02 17:34:59',4);
/*!40000 ALTER TABLE `apply_teacher` ENABLE KEYS */;
UNLOCK TABLES;

--
-- Table structure for table `category`
--

DROP TABLE IF EXISTS `category`;
/*!40101 SET @saved_cs_client     = @@character_set_client */;
/*!50503 SET character_set_client = utf8mb4 */;
CREATE TABLE `category` (
  `id` int(11) NOT NULL AUTO_INCREMENT,
  `name` varchar(255) COLLATE utf8_unicode_ci DEFAULT NULL,
  `id_parent` int(11) NOT NULL,
  `url` varchar(255) COLLATE utf8_unicode_ci DEFAULT NULL,
  PRIMARY KEY (`id`),
  FULLTEXT KEY `name` (`name`),
  FULLTEXT KEY `name_2` (`name`)
) ENGINE=InnoDB AUTO_INCREMENT=14 DEFAULT CHARSET=utf8 COLLATE=utf8_unicode_ci;
/*!40101 SET character_set_client = @saved_cs_client */;

--
-- Dumping data for table `category`
--

LOCK TABLES `category` WRITE;
/*!40000 ALTER TABLE `category` DISABLE KEYS */;
INSERT INTO `category` VALUES (2,'Công nghệ thông tin',0,NULL),(3,'Lập trình web 1',2,NULL),(4,'Lập trình thiết bị di động',2,NULL),(8,'Âm nhạc',0,NULL),(9,'Nhạc cụ',8,NULL),(10,'Ngoại ngữ',0,NULL),(11,'Tiếng Anh',10,NULL),(12,'Tiếng Pháp',10,NULL),(13,'Luyện thanh',8,NULL);
/*!40000 ALTER TABLE `category` ENABLE KEYS */;
UNLOCK TABLES;

--
-- Table structure for table `chapter`
--

DROP TABLE IF EXISTS `chapter`;
/*!40101 SET @saved_cs_client     = @@character_set_client */;
/*!50503 SET character_set_client = utf8mb4 */;
CREATE TABLE `chapter` (
  `id` int(11) NOT NULL AUTO_INCREMENT,
  `name` varchar(255) CHARACTER SET utf8 COLLATE utf8_unicode_ci DEFAULT NULL,
  `id_course` int(11) NOT NULL,
  PRIMARY KEY (`id`)
) ENGINE=InnoDB AUTO_INCREMENT=223 DEFAULT CHARSET=latin1;
/*!40101 SET character_set_client = @saved_cs_client */;

--
-- Dumping data for table `chapter`
--

LOCK TABLES `chapter` WRITE;
/*!40000 ALTER TABLE `chapter` DISABLE KEYS */;
INSERT INTO `chapter` VALUES (1,'Chương 1: Mở đầu',1),(2,'Chương 2: Kiến thức cơ bản',1),(3,'Chương 3: Kiến thức nâng cao',1),(4,'Chương 4: Bài tập áp dụng',1),(5,'Chương 5: Tổng kết',1),(6,'Chương 6: Project thực tế',1),(7,'Chương 1: Mở đầu',2),(8,'Chương 2: Giới thiệu về html, css',2),(9,'Chương 3: Javascript',2),(10,'Chương 4: Bài tập áp dụng',2),(11,'Chương 5: Tổng kết',2),(12,'Chương 6: Project thực tế',2),(13,'Chương 1: Lịch sử phát triển ngôn ngữ Java',3),(14,'Chương 2: Các cú pháp cơ bản',3),(15,'Chương 3: Hướng đối tượng trong Java',3),(16,'Chương 4: Bài tập áp dụng',3),(17,'Chương 5: Tổng kết',3),(18,'Chương 6: Project thực tế',3),(19,'Chương 1: Mở đầu',4),(20,'Chương 2: Kiến thức cơ bản',4),(21,'Chương 3: Kiến thức nâng cao',4),(22,'Chương 4: Bài tập áp dụng',4),(23,'Chương 5: Tổng kết',4),(24,'Chương 6: Project thực tế',4),(25,'Chương 1: Mở đầu',5),(26,'Chương 2: Kiến thức cơ bản',5),(27,'Chương 3: Kiến thức nâng cao',5),(28,'Chương 4: Bài tập áp dụng',5),(29,'Chương 5: Tổng kết',5),(30,'Chương 6: Project thực tế',5),(31,'Chương 1: Mở đầu',6),(32,'Chương 2: Kiến thức cơ bản',6),(33,'Chương 3: Kiến thức nâng cao',6),(34,'Chương 4: Bài tập áp dụng',6),(35,'Chương 5: Tổng kết',6),(36,'Chương 6: Project thực tế',6),(37,'Chương 1: Mở đầu',7),(38,'Chương 2: Kiến thức cơ bản',7),(39,'Chương 3: Kiến thức nâng cao',7),(40,'Chương 4: Bài tập áp dụng',7),(41,'Chương 5: Tổng kết',7),(42,'Chương 6: Project thực tế',7),(43,'Chương 1: Mở đầu',8),(44,'Chương 2: Kiến thức cơ bản',8),(45,'Chương 3: Kiến thức nâng cao',8),(46,'Chương 4: Bài tập áp dụng',8),(47,'Chương 5: Tổng kết',8),(48,'Chương 6: Project thực tế',8),(49,'Chương 1: Mở đầu',9),(50,'Chương 2: Kiến thức cơ bản',9),(51,'Chương 3: Kiến thức nâng cao',9),(52,'Chương 4: Bài tập áp dụng',9),(53,'Chương 5: Tổng kết',9),(54,'Chương 6: Project thực tế',9),(55,'Chương 1: Mở đầu',10),(56,'Chương 2: Kiến thức cơ bản',10),(57,'Chương 3: Kiến thức nâng cao',10),(58,'Chương 4: Bài tập áp dụng',10),(59,'Chương 5: Tổng kết',10),(60,'Chương 6: Project thực tế',10),(61,'Chương 1: Mở đầu',11),(62,'Chương 2: Kiến thức cơ bản',11),(63,'Chương 3: Kiến thức nâng cao',11),(64,'Chương 4: Bài tập áp dụng',11),(65,'Chương 5: Tổng kết',11),(66,'Chương 6: Project thực tế',11),(67,'Chương 1: Mở đầu',12),(68,'Chương 2: Kiến thức cơ bản',12),(69,'Chương 3: Kiến thức nâng cao',12),(70,'Chương 4: Bài tập áp dụng',12),(71,'Chương 5: Tổng kết',12),(72,'Chương 6: Project thực tế',12),(73,'Chương 1: Mở đầu',13),(74,'Chương 2: Kiến thức cơ bản',13),(75,'Chương 3: Kiến thức nâng cao',13),(76,'Chương 4: Bài tập áp dụng',13),(77,'Chương 5: Tổng kết',13),(78,'Chương 6: Project thực tế',13),(79,'Chương 1: Mở đầu',14),(80,'Chương 2: Kiến thức cơ bản',14),(81,'Chương 3: Kiến thức nâng cao',14),(82,'Chương 4: Bài tập áp dụng',14),(83,'Chương 5: Tổng kết',14),(84,'Chương 6: Project thực tế',14),(85,'Chương 1: Mở đầu',15),(86,'Chương 2: Kiến thức cơ bản',15),(87,'Chương 3: Kiến thức nâng cao',15),(88,'Chương 4: Bài tập áp dụng',15),(89,'Chương 5: Tổng kết',15),(90,'Chương 6: Project thực tế',15),(91,'Chương 1: Mở đầu',16),(92,'Chương 2: Kiến thức cơ bản',16),(93,'Chương 3: Kiến thức nâng cao',16),(94,'Chương 4: Bài tập áp dụng',16),(95,'Chương 5: Tổng kết',16),(96,'Chương 6: Project thực tế',16),(97,'Chương 1: Mở đầu',17),(98,'Chương 2: Kiến thức cơ bản',17),(99,'Chương 3: Kiến thức nâng cao',17),(100,'Chương 4: Bài tập áp dụng',17),(101,'Chương 5: Tổng kết',17),(102,'Chương 6: Project thực tế',17),(103,'Chương 1: Mở đầu',18),(104,'Chương 2: Kiến thức cơ bản',18),(105,'Chương 3: Kiến thức nâng cao',18),(106,'Chương 4: Bài tập áp dụng',18),(107,'Chương 5: Tổng kết',18),(108,'Chương 6: Project thực tế',18),(109,'Chương 1: Mở đầu',19),(110,'Chương 2: Kiến thức cơ bản',19),(111,'Chương 3: Kiến thức nâng cao',19),(112,'Chương 4: Bài tập áp dụng',19),(113,'Chương 5: Tổng kết',19),(114,'Chương 6: Project thực tế',19),(115,'Chương 1: Mở đầu',20),(116,'Chương 2: Kiến thức cơ bản',20),(117,'Chương 3: Kiến thức nâng cao',20),(118,'Chương 4: Bài tập áp dụng',20),(119,'Chương 5: Tổng kết',20),(120,'Chương 6: Project thực tế',20),(121,'Chương 1: Mở đầu',21),(122,'Chương 2: Kiến thức cơ bản',21),(123,'Chương 3: Kiến thức nâng cao',21),(124,'Chương 4: Bài tập áp dụng',21),(125,'Chương 5: Tổng kết',21),(126,'Chương 6: Project thực tế',21),(127,'Chương 1: Mở đầu',22),(128,'Chương 2: Kiến thức cơ bản',22),(129,'Chương 3: Kiến thức nâng cao',22),(130,'Chương 4: Bài tập áp dụng',22),(131,'Chương 5: Tổng kết',22),(132,'Chương 6: Project thực tế',22),(133,'Chương 1: Mở đầu',23),(134,'Chương 2: Kiến thức cơ bản',23),(135,'Chương 3: Kiến thức nâng cao',23),(136,'Chương 4: Bài tập áp dụng',23),(137,'Chương 5: Tổng kết',23),(138,'Chương 6: Project thực tế',23),(139,'Chương 1: Mở đầu',24),(140,'Chương 2: Kiến thức cơ bản',24),(141,'Chương 3: Kiến thức nâng cao',24),(142,'Chương 4: Bài tập áp dụng',24),(143,'Chương 5: Tổng kết',24),(144,'Chương 6: Project thực tế',24),(145,'Chương 1: Mở đầu',25),(146,'Chương 2: Kiến thức cơ bản',25),(147,'Chương 3: Kiến thức nâng cao',25),(148,'Chương 4: Bài tập áp dụng',25),(149,'Chương 5: Tổng kết',25),(150,'Chương 6: Project thực tế',25),(151,'Chương 1: Mở đầu',26),(152,'Chương 2: Kiến thức cơ bản',26),(153,'Chương 3: Kiến thức nâng cao',26),(154,'Chương 4: Bài tập áp dụng',26),(155,'Chương 5: Tổng kết',26),(156,'Chương 6: Project thực tế',26),(157,'Chương 1: Mở đầu',27),(158,'Chương 2: Kiến thức cơ bản',27),(159,'Chương 3: Kiến thức nâng cao',27),(160,'Chương 4: Bài tập áp dụng',27),(161,'Chương 5: Tổng kết',27),(162,'Chương 6: Project thực tế',27),(163,'Chương 1: Mở đầu',28),(164,'Chương 2: Kiến thức cơ bản',28),(165,'Chương 3: Kiến thức nâng cao',28),(166,'Chương 4: Bài tập áp dụng',28),(167,'Chương 5: Tổng kết',28),(168,'Chương 6: Project thực tế',28),(169,'Chương 1: Mở đầu',29),(170,'Chương 2: Kiến thức cơ bản',29),(171,'Chương 3: Kiến thức nâng cao',29),(172,'Chương 4: Bài tập áp dụng',29),(173,'Chương 5: Tổng kết',29),(174,'Chương 6: Project thực tế',29),(175,'Chương 1: Mở đầu',30),(176,'Chương 2: Kiến thức cơ bản',30),(177,'Chương 3: Kiến thức nâng cao',30),(178,'Chương 4: Bài tập áp dụng',30),(179,'Chương 5: Tổng kết',30),(180,'Chương 6: Project thực tế',30),(181,'Chương 1: Mở đầu',31),(182,'Chương 2: Kiến thức cơ bản',31),(183,'Chương 3: Kiến thức nâng cao',31),(184,'Chương 4: Bài tập áp dụng',31),(185,'Chương 5: Tổng kết',31),(186,'Chương 6: Project thực tế',31),(187,'Chương 1: Mở đầu',32),(188,'Chương 2: Kiến thức cơ bản',32),(189,'Chương 3: Kiến thức nâng cao',32),(190,'Chương 4: Bài tập áp dụng',32),(191,'Chương 5: Tổng kết',32),(192,'Chương 6: Project thực tế',32),(193,'Chương 1: Mở đầu',33),(194,'Chương 2: Kiến thức cơ bản',33),(195,'Chương 3: Kiến thức nâng cao',33),(196,'Chương 4: Bài tập áp dụng',33),(197,'Chương 5: Tổng kết',33),(198,'Chương 6: Project thực tế',33),(199,'Chương 1: Mở đầu',34),(200,'Chương 2: Kiến thức cơ bản',34),(201,'Chương 3: Kiến thức nâng cao',34),(202,'Chương 4: Bài tập áp dụng',34),(203,'Chương 5: Tổng kết',34),(204,'Chương 6: Project thực tế',34),(205,'Chương 1: Mở đầu',35),(206,'Chương 2: Kiến thức cơ bản',35),(207,'Chương 3: Kiến thức nâng cao',35),(208,'Chương 4: Bài tập áp dụng',35),(209,'Chương 5: Tổng kết',35),(210,'Chương 6: Project thực tế',35),(211,'Chương 1: Mở đầu',36),(212,'Chương 2: Kiến thức cơ bản',36),(213,'Chương 3: Kiến thức nâng cao',36),(214,'Chương 4: Bài tập áp dụng',36),(215,'Chương 5: Tổng kết',36),(216,'Chương 6: Project thực tế',36),(217,'Chương 1: Mở đầu',37),(218,'Chương 2: Kiến thức cơ bản',37),(219,'Chương 3: Kiến thức nâng cao',37),(220,'Chương 4: Bài tập áp dụng',37),(221,'Chương 5: Tổng kết',37),(222,'Chương 6: Project thực tế',37);
/*!40000 ALTER TABLE `chapter` ENABLE KEYS */;
UNLOCK TABLES;

--
-- Table structure for table `course`
--

DROP TABLE IF EXISTS `course`;
/*!40101 SET @saved_cs_client     = @@character_set_client */;
/*!50503 SET character_set_client = utf8mb4 */;
CREATE TABLE `course` (
  `id` int(11) NOT NULL AUTO_INCREMENT,
  `name` varchar(255) CHARACTER SET utf8 COLLATE utf8_unicode_ci NOT NULL,
  `price` int(11) DEFAULT NULL,
  `offer` int(11) DEFAULT NULL,
  `creation_date` datetime DEFAULT NULL,
  `modification_date` datetime DEFAULT NULL,
  `description` text CHARACTER SET utf8 COLLATE utf8_unicode_ci,
  `status` int(11) NOT NULL,
  `id_category` int(11) NOT NULL,
  `view` int(11) DEFAULT NULL,
  `image` varchar(255) DEFAULT NULL,
  `short_description` varchar(255) CHARACTER SET utf8 COLLATE utf8_bin DEFAULT NULL,
  `iscomplete` int(11) DEFAULT NULL,
  PRIMARY KEY (`id`),
  FULLTEXT KEY `name` (`name`,`description`),
  FULLTEXT KEY `name_2` (`name`),
  FULLTEXT KEY `description` (`description`)
) ENGINE=InnoDB AUTO_INCREMENT=60 DEFAULT CHARSET=latin1;
/*!40101 SET character_set_client = @saved_cs_client */;

--
-- Dumping data for table `course`
--

LOCK TABLES `course` WRITE;
/*!40000 ALTER TABLE `course` DISABLE KEYS */;
INSERT INTO `course` VALUES (1,'Lập trình PHP cơ bản',299000,10,'2020-12-29 04:06:37','2021-01-01 00:54:56','<p>456</p>',1,3,286,'1.jpg',NULL,0),(2,'Lập trình Web cơ bản ',200000,0,'2020-07-29 19:07:52','2020-07-29 19:07:52','Lập trình web cơ bản ',1,3,74,'2.jpg',NULL,0),(3,'Lập trình Java ',199000,10,'2020-07-30 19:07:52','2020-07-30 19:07:52','Lập trình Java ',1,4,112,'3.jpg',NULL,0),(4,'Lập trình Kotlin ',300000,15,'2020-08-01 19:07:52','2020-08-01 19:07:52','Lập trình Kotlin ',1,4,86,'4.jpg',NULL,0),(5,'Lập trình Javascript ',299000,10,'2020-08-02 19:07:52','2020-08-02 19:07:52','Lập trình Javascript ',1,3,17,'5.jpg',NULL,0),(6,'Lập trình Frontend ',499000,10,'2020-08-02 20:07:52','2020-08-02 20:07:52','Lập trình Frontend ',1,3,87,'6.jpg',NULL,0),(7,'Lập trình Android ',399000,30,'2020-08-02 10:07:52','2020-08-02 10:07:52','Lập trình Android ',1,4,NULL,'7.jpg',NULL,0),(8,'Lập trình iOS ',399000,30,'2020-08-02 11:07:52','2020-08-02 11:07:52','Lập trình iOS ',1,4,90,'8.jpg',NULL,0),(10,'All in one, html/css3, bootstrap 4 và học cắt web từ file thiết kế qua 20 bài tập thực tế',399000,0,'2020-08-04 11:07:52','2020-08-04 11:07:52','All in one, html/css3, bootstrap 4 và học cắt web từ file thiết kế qua 20 bài tập thực tế',1,3,NULL,'10.jpg',NULL,0),(11,'Luyện thi TOEIC new format mục tiêu 450-750+',450000,10,'2020-08-04 11:07:52','2020-08-04 11:07:52','Luyện thi TOEIC new format mục tiêu 450-750+',1,11,NULL,'11.jpg',NULL,0),(12,'Tiếng Pháp cơ bản cấp độ 1',350000,25,'2020-08-04 11:07:52','2020-08-04 11:07:52','Tiếng Pháp cơ bản cấp độ 1',1,12,123,'12.jpg',NULL,0),(13,'Học guitar đệm hát cấp tốc trong 30 ngày',250000,10,'2020-08-04 11:07:52','2020-08-04 11:07:52','Học guitar đệm hát cấp tốc trong 30 ngày',1,9,NULL,'13.jpg',NULL,0),(14,'Chinh phục Beatbox trong 30 ngày',250000,10,'2020-08-04 11:07:52','2020-08-04 11:07:52','Chinh phục Beatbox trong 30 ngày',1,13,124,'14.jpg',NULL,0),(36,'Lập trình C# trong 5 tuần - Cơ bản 1',599000,50,'2021-01-01 02:09:12','2021-01-05 07:59:25','<div class=\"overall-description\">\r\n<div class=\"description-details\">\r\n<div class=\"des-partial\">\r\n<p>Kh&oacute;a học lập tr&igrave;nh C# trong 5 tuần cung cấp những c&ocirc;ng cụ, framework mới nh&acirc;́t v&ecirc;̀ ng&ocirc;n ngữ l&acirc;̣p tr&igrave;nh C# (từ định nghĩa đ&ecirc;́n ki&ecirc;̉u dữ li&ecirc;̣u, bi&ecirc;́n, c&acirc;u l&ecirc;̣nh, mảng, chu&ocirc;̃i ... c&acirc;́u tr&uacute;c đi&ecirc;̀u khi&ecirc;̉n trong C#, phương thức, lớp....). Học vi&ecirc;n c&oacute; cơ hội thực h&agrave;nh v&agrave; sử dụng thuần thục c&aacute;c control khi thiết kế giao diện; xử l&yacute; chuỗi, mảng, collections v&agrave; c&oacute; khả năng gỡ lỗi v&agrave; kiểm so&aacute;t biệt lệ.</p>\r\n</div>\r\n</div>\r\n</div>\r\n<div class=\"course-benefits\">\r\n<div class=\"benefit-title\"><strong>Lợi &iacute;ch từ kho&aacute; học</strong></div>\r\n<div class=\"benefit-items\">\r\n<div class=\"benefit-item\">\r\n<div class=\"benefit-term\">C&oacute; được kiến thức to&agrave;n diện về ng&ocirc;n ngữ lập tr&igrave;nh C#.</div>\r\n</div>\r\n<div class=\"benefit-item\">\r\n<div class=\"benefit-term\">C&oacute; khả năng ph&aacute;t triển phần mềm ứng dụng bằng C#.</div>\r\n</div>\r\n<div class=\"benefit-item\">\r\n<div class=\"benefit-term\">L&agrave; cơ sở để lập tr&igrave;nh di động đa nền tảng với Xamarin.</div>\r\n</div>\r\n<div class=\"benefit-item\">\r\n<div class=\"benefit-term\">L&agrave; nền tảng để tiếp tục học tương t&aacute;c cơ sở dữ liệu với ADO.NET, LINQ, WPF.</div>\r\n<div class=\"benefit-term\">&nbsp;</div>\r\n</div>\r\n</div>\r\n</div>\r\n<div class=\"course-good-for-area\">\r\n<div class=\"title\"><strong>Ph&ugrave; hợp với</strong></div>\r\n<div class=\"item\"><span class=\"term\">Bất cứ ai muốn học lập tr&igrave;nh ứng dụng C#.</span></div>\r\n<div class=\"item\"><span class=\"term\">Những người chưa biết g&igrave;, y&ecirc;u th&iacute;ch lĩnh vực lập tr&igrave;nh C#.</span></div>\r\n<div class=\"item\"><span class=\"term\">Sinh vi&ecirc;n kh&ocirc;ng học c&ocirc;ng nghệ th&ocirc;ng tin muốn học lập tr&igrave;nh cơ bản để t&igrave;m cơ hội việc l&agrave;m kh&aacute;c trong lĩnh vực c&ocirc;ng nghệ th&ocirc;ng tin.</span></div>\r\n</div>',1,3,NULL,'36.jpg','Lập trình',0),(37,'Tự học lập trình website chỉ trong 6 tuần',259000,5,'2021-01-17 19:41:22','2021-01-17 19:41:22','<div class=\"overall-description\">\r\n<div class=\"description-details\">\r\n<div class=\"des-partial\">\r\n<p>Trong một thế giới m&agrave; c&ocirc;ng nghệ th&ocirc;ng tin đang ng&agrave;y c&agrave;ng trở n&ecirc;n quan trọng, hẳn bạn đ&atilde; từng trầm trồ trước những nh&agrave; lập tr&igrave;nh khi họ c&oacute; thể dễ d&agrave;ng lập tr&igrave;nh n&ecirc;n những trang web đầy tiện &iacute;ch m&agrave; bạn vẫn sử dụng hằng ng&agrave;y. Vậy bạn c&oacute; biết rằng, ch&iacute;nh bạn cũng c&oacute; thể lập tr&igrave;nh được những trang web như vậy với một vốn kiến thức cơ bản về HTML, CSS, ... D&ugrave; bạn l&agrave; những nh&agrave; thiết kế web, những nh&agrave; lập tr&igrave;nh mới bắt đầu hay bất kỳ ai muốn ph&aacute;t triển nghề nghiệp trong tương lai, thăng tiến trong c&ocirc;ng việc th&igrave; x&acirc;y dựng được một website l&agrave; điều kiện ti&ecirc;n quyết cho những mục ti&ecirc;u tr&ecirc;n. Việc học lập tr&igrave;nh sẽ gi&uacute;p bạn n&acirc;ng cao kĩ năng v&agrave; điều đ&oacute; c&oacute; &iacute;ch cho c&aacute; nh&acirc;n lẫn c&ocirc;ng việc, nhưng kh&ocirc;ng hẳn ai cũng biết phải bắt đầu x&acirc;y dựng website đầu ti&ecirc;n như thế n&agrave;o.</p>\r\n<p>Ch&iacute;nh v&igrave; l&iacute; do đ&oacute;, t&ocirc;i đ&atilde; x&acirc;y dựng kh&oacute;a học \"Tự học lập tr&igrave;nh website chỉ trong 6 tuần\" nhằm mục ti&ecirc;u gi&uacute;p c&aacute;c bạn th&agrave;nh thạo sử dụng những ng&ocirc;n ngữ lập tr&igrave;nh cơ bản v&agrave; c&aacute;ch &aacute;p dụng những ng&ocirc;n ngữ đ&oacute; để tự m&igrave;nh lập tr&igrave;nh được những trang web tiện lợi như bạn vẫn thấy hằng ng&agrave;y. Xuy&ecirc;n suốt kh&oacute;a học n&agrave;y, bằng phong c&aacute;ch giảng dạy cẩn thận, kỹ lưỡng c&ugrave;ng với 21 năm kinh nghiệm trong giảng dạy về lĩnh vực c&ocirc;ng nghệ th&ocirc;ng tin, t&ocirc;i sẽ gi&uacute;p c&aacute;c bạn học được c&aacute;ch kết hợp nhiều c&aacute;c loại ng&ocirc;n ngữ lập tr&igrave;nh phổ biến c&ugrave;ng nhiều kiến thức kh&aacute;c nhằm gi&uacute;p c&aacute;c bạn đủ khả năng tạo n&ecirc;n những trang web sống động, thu h&uacute;t người xem.</p>\r\n</div>\r\n</div>\r\n</div>\r\n<div class=\"course-benefits\">\r\n<div class=\"benefit-title\">Lợi &iacute;ch từ kho&aacute; học</div>\r\n<div class=\"benefit-items\">\r\n<div class=\"benefit-item\">\r\n<div class=\"benefit-term\">Nắm được những kiến thức căn bản về HTML v&agrave; lập tr&igrave;nh bằng HTML</div>\r\n</div>\r\n<div class=\"benefit-item\">\r\n<div class=\"benefit-term\">Hiểu được về CSS v&agrave; biết c&aacute;ch ứng dụng n&oacute; trong lập tr&igrave;nh với HTML</div>\r\n</div>\r\n<div class=\"benefit-item\">\r\n<div class=\"benefit-term\">Th&agrave;nh thạo sử dụng IFRAME trong lập tr&igrave;nh</div>\r\n</div>\r\n<div class=\"benefit-item\">\r\n<div class=\"benefit-term\">Nắm được những kiến thức căn bản về JavaScript v&agrave; c&aacute;ch kết hợp n&oacute; với ng&ocirc;n ngữ HTML</div>\r\n</div>\r\n<div class=\"benefit-item\">\r\n<div class=\"benefit-term\">C&aacute;ch tạo biểu mẫu bằng c&aacute;ch sử dụng ng&ocirc;n ngữ lập tr&igrave;nh HTML</div>\r\n</div>\r\n<div class=\"benefit-item\">\r\n<div class=\"benefit-term\">Th&agrave;nh thạo c&aacute;ch nh&uacute;ng jQuery trong HTML</div>\r\n</div>\r\n<div class=\"benefit-item\">\r\n<div class=\"benefit-term\">C&agrave;i đặt v&agrave; sử dụng được WampServer</div>\r\n</div>\r\n<div class=\"benefit-item\">\r\n<div class=\"benefit-term\">Nắm được cơ bản về PHP v&agrave; ứng dụng của n&oacute;</div>\r\n</div>\r\n<div class=\"benefit-item\">\r\n<div class=\"benefit-term\">Th&agrave;nh thạo thao t&aacute;c sử dụng MySQL trong thu thập v&agrave; xử l&yacute; dữ liệu</div>\r\n</div>\r\n<div class=\"benefit-item\">\r\n<div class=\"benefit-term\">Biết c&aacute;ch kết hợp ng&ocirc;n ngữ PHP v&agrave; MySQL</div>\r\n</div>\r\n<div class=\"benefit-item\">\r\n<div class=\"benefit-term\">C&oacute; khả năng tự m&igrave;nh lập tr&igrave;nh một số trang web đ&aacute;p ứng đủ những y&ecirc;u cầu cơ bản</div>\r\n</div>\r\n</div>\r\n</div>\r\n<div class=\"course-good-for-area\">\r\n<div class=\"title\">Ph&ugrave; hợp với</div>\r\n<div class=\"item\"><span class=\"term\">Những nh&agrave; thiết kế web muốn học th&ecirc;m về lập tr&igrave;nh để tập trung ph&aacute;t triển nghề nghiệp trong tương lai</span></div>\r\n<div class=\"item\"><span class=\"term\">Những nh&agrave; lập tr&igrave;nh HTML mới muốn t&igrave;m hiểu th&ecirc;m về c&aacute;c ng&ocirc;n ngữ lập tr&igrave;nh để thăng tiến hơn trong tương lai</span></div>\r\n<div class=\"item\"><span class=\"term\">Bất kỳ ai muốn học lập tr&igrave;nh v&agrave; tự m&igrave;nh lập tr&igrave;nh websites</span></div>\r\n</div>',1,2,NULL,'37.jpg','Tự Xây Dựng 10 Trang Web Chỉ Trong 6 Tuần',0),(38,'Lập trình ứng dụng iOS',180000,0,'2021-01-17 19:47:34','2021-01-17 19:47:34','<div class=\"overall-description\">\r\n<div class=\"description-details\">\r\n<div class=\"des-partial\">\r\n<p>Kho&aacute; học lập tr&igrave;nh iOS cơ bạn tại Khoa Phạm nhằm hướng tới những bạn chưa hoặc đ&atilde; từng học bất kỳ một ng&ocirc;n ngữ lập tr&igrave;nh n&agrave;o. Việc x&acirc;y dưng một ứng dụng iOS tr&ecirc;n cả iphone v&agrave; ipad sẻ trở n&ecirc;n dễ d&agrave;ng sau khi bạn kết th&uacute;c kho&aacute; học<br />Hướng dẫn cơ bản đến n&acirc;ng cao về lập tr&igrave;nh iOS bằng ng&ocirc;n ngữ swift<br />Ho&agrave;n tất kh&oacute;a học, học vi&ecirc;n sẽ được trang bị kiến thức vững chắc để tự thiết kế ra một ứng dụng iOS &amp; tự vận h&agrave;nh, kiếm tiền th&ocirc;ng qua AppStore.<br />Ho&agrave;n to&agrave;n đủ khả năng để ứng tuyển v&agrave;o c&aacute;c vị tr&iacute; lập tr&igrave;nh iOS tại c&aacute;c c&ocirc;ng ty trong &amp; ngo&agrave;i nước.<br />Nếu chăm chỉ r&egrave;n luyện, bạn sẽ đủ khả năng tự th&agrave;nh lập c&ocirc;ng ty, hoặc nh&oacute;m chuy&ecirc;n nhận dự &aacute;n iOS từ kh&aacute;ch h&agrave;ng.</p>\r\n</div>\r\n</div>\r\n</div>\r\n<div class=\"course-benefits\">\r\n<div class=\"benefit-title\">Lợi &iacute;ch từ kho&aacute; học</div>\r\n<div class=\"benefit-items\">\r\n<div class=\"benefit-item\">\r\n<div class=\"benefit-term\">Sử dụng c&ocirc;ng cụ lập tr&igrave;nh Xcode</div>\r\n</div>\r\n<div class=\"benefit-item\">\r\n<div class=\"benefit-term\">Thu nhập từ ứng dụng của m&igrave;nh</div>\r\n</div>\r\n<div class=\"benefit-item\">\r\n<div class=\"benefit-term\">Tự x&acirc;y dựng được ứng dụng chạy tr&ecirc;n nền c&aacute;c thiết bị iphone v&agrave; ipad</div>\r\n</div>\r\n<div class=\"benefit-item\">\r\n<div class=\"benefit-term\">C&oacute; thể &aacute;p dụng v&agrave;o c&ocirc;ng việc thực tế</div>\r\n</div>\r\n</div>\r\n</div>\r\n<div class=\"course-good-for-area\">\r\n<div class=\"title\">Ph&ugrave; hợp với</div>\r\n<div class=\"item\"><span class=\"term\">D&agrave;nh cho những bạn đam m&ecirc; lập tr&igrave;nh di động tr&ecirc;n nền tảng iOS</span></div>\r\n</div>',1,2,NULL,'38.png','',0),(39,'Ứng dụng về an ninh mạng',269000,0,'2021-01-17 19:49:34','2021-01-17 19:49:34','<div class=\"overall-description\">\r\n<div class=\"description-details\">\r\n<div class=\"des-partial\">\r\n<p>Kh&aacute;i niệm v&agrave; kiến thức về quản trị an ninh mạng.</p>\r\n<p>Lộ tr&igrave;nh học tập:</p>\r\n<p>5 b&agrave;i học mang lại c&aacute;i nh&igrave;n tổng quan nhất về an ninh mạng</p>\r\n<p>&nbsp;</p>\r\n</div>\r\n</div>\r\n</div>\r\n<div class=\"course-benefits\">\r\n<div class=\"benefit-title\">Lợi &iacute;ch từ kho&aacute; học</div>\r\n<div class=\"benefit-items\">\r\n<div class=\"benefit-item\">\r\n<div class=\"benefit-term\">Học vi&ecirc;n hiểu được những vấn đề về an ninh mạng v&agrave; bảo vệ an ninh mạng</div>\r\n</div>\r\n</div>\r\n</div>\r\n<div class=\"course-good-for-area\">\r\n<div class=\"title\">Ph&ugrave; hợp với</div>\r\n<div class=\"item\"><span class=\"term\">Sinh vi&ecirc;n chuy&ecirc;n ng&agrave;nh IT, an ninh mạng</span></div>\r\n<div class=\"item\"><span class=\"term\">Những người muốn t&igrave;m hiểu th&ecirc;m kiến thức về</span></div>\r\n</div>',1,2,NULL,'39.png','',0),(40,'Lập trình Java cơ bản',300000,10,'2021-01-17 19:50:30','2021-01-17 19:50:30','<div class=\"overall-description\">\r\n<div class=\"description-details\">\r\n<div class=\"des-partial\">\r\n<p>C&oacute; thể lập tr&igrave;nh cơ bản về Java</p>\r\n<p>Lộ tr&igrave;nh học tập:</p>\r\n<p>C&aacute;c b&agrave;i học gi&uacute;p học vi&ecirc;n c&oacute; thể lập tr&igrave;nh JAVA một c&aacute;ch dễ d&agrave;ng.</p>\r\n</div>\r\n</div>\r\n</div>\r\n<div class=\"course-benefits\">\r\n<div class=\"benefit-title\">Lợi &iacute;ch từ kho&aacute; học</div>\r\n<div class=\"benefit-items\">\r\n<div class=\"benefit-item\">\r\n<div class=\"benefit-term\">C&oacute; thể lập tr&igrave;nh cơ bản về Java</div>\r\n</div>\r\n</div>\r\n</div>\r\n<div class=\"course-good-for-area\">\r\n<div class=\"title\">Ph&ugrave; hợp với</div>\r\n<div class=\"item\"><span class=\"term\">D&agrave;nh cho đối tượng bắt đầu học lập tr&igrave;nh Java.</span></div>\r\n</div>',1,2,NULL,'40.png','Khóa học cơ bản về lập trình JAVA',0),(41,'Tiện ích trên Iphone',250000,5,'2021-01-17 19:51:18','2021-01-17 19:51:18','<div class=\"course-benefits\">\r\n<div class=\"benefit-title\">Lợi &iacute;ch từ kho&aacute; học</div>\r\n<div class=\"benefit-items\">\r\n<div class=\"benefit-item\">\r\n<div class=\"benefit-term\">Gi&uacute;p c&aacute;c bạn biết được một số tiện &iacute;ch hữu dụng tr&ecirc;n iphone</div>\r\n</div>\r\n</div>\r\n</div>\r\n<div class=\"course-good-for-area\">\r\n<div class=\"title\">Ph&ugrave; hợp với</div>\r\n<div class=\"item\"><span class=\"term\">C&aacute;c bạn đ&atilde;, đang v&agrave; sẽ sử dung iphone</span></div>\r\n</div>',1,2,NULL,'41.png','',0),(42,'Học guitar đệm hát cấp tốc trong 30 ngày',159000,0,'2021-01-17 19:52:19','2021-01-17 19:52:19','<div class=\"overall-description\">\r\n<div class=\"description-details\">\r\n<div class=\"des-partial\">\r\n<p>Kh&oacute;a học gồm 5 cấp độ từ cơ bản tới n&acirc;ng cao gi&uacute;p bạn tự tin đệm guitar cho c&aacute;c b&agrave;i h&aacute;t m&agrave; m&igrave;nh y&ecirc;u th&iacute;ch trong v&ograve;ng 30 ng&agrave;y hoặc n&acirc;ng cao kỹ thuật đệm h&aacute;t nếu bạn đ&atilde; chơi guitar được một thời gian. Với những hướng dẫn cụ thể từ giảng vi&ecirc;n, kh&oacute;a học gi&uacute;p bạn tiết kiệm thời gian v&agrave; chi ph&iacute; nhưng vẫn đảm bảo t&iacute;nh hiệu quả.</p>\r\n</div>\r\n</div>\r\n</div>\r\n<div class=\"course-benefits\">\r\n<div class=\"benefit-title\">Lợi &iacute;ch từ kho&aacute; học</div>\r\n<div class=\"benefit-items\">\r\n<div class=\"benefit-item\">\r\n<div class=\"benefit-term\">Nắm vững nhạc l&yacute;: c&aacute;ch đọc tọa độ, bấm hợp &acirc;m, tiết tấu; c&aacute;ch rải &acirc;m v&agrave; quạt chả.</div>\r\n</div>\r\n<div class=\"benefit-item\">\r\n<div class=\"benefit-term\">Th&agrave;nh thạo c&aacute;c điệu cơ bản: Surf nhanh - chậm, Disco, Blue, Ballad, Fox, Valse, Bolero, Slow Rock,...</div>\r\n</div>\r\n<div class=\"benefit-item\">\r\n<div class=\"benefit-term\">Th&agrave;nh thạo c&aacute;ch d&ograve; c&aacute;c nhịp, điệu của một b&agrave;i h&aacute;t, bắt nhịp v&agrave; chọn điệu, bắt t&ocirc;ng cho ca sĩ, đ&aacute;nh intro v&agrave; outro, t&igrave;m hợp &acirc;m chuẩn,...</div>\r\n</div>\r\n<div class=\"benefit-item\">\r\n<div class=\"benefit-term\">Biết c&aacute;ch chọn đ&agrave;n sao cho ph&ugrave; hợp với mục đ&iacute;ch, t&uacute;i tiền v&agrave; phong c&aacute;ch nhưng vẫn phải đảm bảo những y&ecirc;u tố thiết yếu.</div>\r\n</div>\r\n</div>\r\n</div>\r\n<div class=\"course-good-for-area\">\r\n<div class=\"title\">Ph&ugrave; hợp với</div>\r\n<div class=\"item\"><span class=\"term\">Những bạn y&ecirc;u th&iacute;ch guitar</span></div>\r\n<div class=\"item\"><span class=\"term\">Những bạn muốn học guitar đệm h&aacute;t nhưng chưa biết bắt đầu từ đ&acirc;u</span></div>\r\n<div class=\"item\"><span class=\"term\">Những bạn muốn học guitar nhưng bị giới hạn về thời gian v&agrave; t&agrave;i ch&iacute;nh</span></div>\r\n<div class=\"item\"><span class=\"term\">Những bạn muốn học guitar để c&oacute; thể chơi c&aacute;c b&agrave;i h&aacute;t cơ bản</span></div>\r\n</div>',1,8,NULL,'42.png','Trọn bộ 77 bài giảng chi tiết và tài liệu phong phú cùng Guitarist Hiển Râu',0),(43,'Học hát chuyên nghiệp trong 7 ngày',300000,5,'2021-01-17 19:53:14','2021-01-17 19:53:14','<div class=\"overall-description\">\r\n<div class=\"description-details\">\r\n<div class=\"des-partial\">\r\n<p>Kh&ocirc;ng cần giọng h&aacute;t trời ph&uacute; từ l&uacute;c sinh ra, chỉ cần bỏ một ch&uacute;t thời gian, tập luyện đ&uacute;ng phương ph&aacute;p, bạn c&oacute; thể tự tin thể hiện những ca kh&uacute;c y&ecirc;u th&iacute;ch. Kh&oacute;a học Học h&aacute;t nhanh v&agrave; giản đơn của Giảng vi&ecirc;n Lương Bằng Quang sẽ cung cấp ngay cho bạn:</p>\r\n<p>- Phương ph&aacute;p lấy hơi đ&uacute;ng c&aacute;ch</p>\r\n<p>- Tư duy &acirc;m nhạc</p>\r\n<p>- C&aacute;ch giữ đ&uacute;ng nhịp khi h&aacute;t</p>\r\n<p>- C&aacute;ch h&aacute;t r&otilde; lời</p>\r\n<p>- Một số kỹ thuật bổ trợ kh&aacute;c</p>\r\n</div>\r\n</div>\r\n</div>\r\n<div class=\"course-benefits\">\r\n<div class=\"benefit-title\">Lợi &iacute;ch từ kho&aacute; học</div>\r\n<div class=\"benefit-items\">\r\n<div class=\"benefit-item\">\r\n<div class=\"benefit-term\">Nắm những kiến thức v&agrave; kỹ năng cơ bản về thanh nhạc</div>\r\n</div>\r\n<div class=\"benefit-item\">\r\n<div class=\"benefit-term\">C&oacute; những ph&uacute;t gi&acirc;y thư gi&atilde;n sau thời gian học tập, l&agrave;m việc căng thẳng</div>\r\n</div>\r\n<div class=\"benefit-item\">\r\n<div class=\"benefit-term\">Tự tin thể hiện trong những buổi tiệc, cuộc thi</div>\r\n</div>\r\n<div class=\"benefit-item\">\r\n<div class=\"benefit-term\">Chinh phục những ca kh&uacute;c y&ecirc;u th&iacute;ch</div>\r\n</div>\r\n</div>\r\n</div>\r\n<div class=\"course-good-for-area\">\r\n<div class=\"title\">Ph&ugrave; hợp với</div>\r\n<div class=\"item\"><span class=\"term\">Bất cứ ai y&ecirc;u th&iacute;ch ca h&aacute;t v&agrave; muốn học h&aacute;t</span></div>\r\n<div class=\"item\"><span class=\"term\">Ph&ugrave; hợp nhất với lứa tuổi từ 13 trở l&ecirc;n</span></div>\r\n</div>',1,8,NULL,'43.png','Không cần tới lớp luyện thanh, khóa học Học hát nhanh và giản đơn sẽ giúp bạn cải thiện giọng hát nhanh chóng bằng những bài học giản đơn, thú vị ngay tại nhà.',0),(44,'Guitar từ cơ bản đến chuyên nghiệp',300000,5,'2021-01-17 19:53:53','2021-01-17 19:53:53','<div class=\"overall-description\">\r\n<div class=\"description-details\">\r\n<div class=\"des-partial\">\r\n<p>C&aacute;c bạn sẽ được đ&agrave;o tạo&nbsp;c&aacute;c kỹ thuật cơ bản, c&aacute;c kiến thức &acirc;m nhạc, nghệ thuật tạo &acirc;m thanh chuẩn mực, tiếng đ&agrave;n đẹp, xử l&yacute; c&aacute;c t&aacute;c phẩm đơn giản&hellip;</p>\r\n<p>Đặc biệt, với sự hướng dẫn của giảng vi&ecirc;n Cao Sỹ Anh T&ugrave;ng - người c&oacute; 16 năm kinh nghiệm giảng dạy guitar tại Học viện &Acirc;m nhạc QGVN.</p>\r\n<p>Bạn sẽ c&oacute; khả năng biểu diễn guitar chuy&ecirc;n nghiệp theo c&aacute;c phong c&aacute;ch kh&aacute;c nhau.</p>\r\n</div>\r\n</div>\r\n</div>\r\n<div class=\"course-benefits\">\r\n<div class=\"benefit-title\">Lợi &iacute;ch từ kho&aacute; học</div>\r\n<div class=\"benefit-items\">\r\n<div class=\"benefit-item\">\r\n<div class=\"benefit-term\">Kết th&uacute;c kh&oacute;a học, học vi&ecirc;n sẽ nắm được những l&yacute; thuyết cơ bản về &acirc;m nhạc v&agrave; guitar</div>\r\n</div>\r\n<div class=\"benefit-item\">\r\n<div class=\"benefit-term\">Nhận biết được c&aacute;ch thức ph&acirc;n chia b&egrave; trong nghệ thuật chơi đ&agrave;n Guitar</div>\r\n</div>\r\n<div class=\"benefit-item\">\r\n<div class=\"benefit-term\">Ph&aacute;t triển kỹ năng chơi c&aacute;c tiết tấu đa dạng</div>\r\n</div>\r\n<div class=\"benefit-item\">\r\n<div class=\"benefit-term\">Biết c&aacute;ch cầm đ&agrave;n Guitar, tư thế ngồi đ&agrave;n</div>\r\n</div>\r\n<div class=\"benefit-item\">\r\n<div class=\"benefit-term\">Nhận biết v&agrave; sử dụng th&agrave;nh thạo c&aacute;c ng&oacute;n p-i-m-a.</div>\r\n</div>\r\n<div class=\"benefit-item\">\r\n<div class=\"benefit-term\">Chơi c&aacute;c kỹ thuật kh&oacute; của tay phải, kỹ thuật tạo &acirc;m thanh hay, tiếng đ&agrave;n đẹp đạt chuẩn quốc tế</div>\r\n</div>\r\n<div class=\"benefit-item\">\r\n<div class=\"benefit-term\">Kỹ thuật luyến, bổ ng&oacute;n, chơi nốt m&oacute;c đơn chấm giật v&agrave; tiết tấu đơn k&eacute;p k&eacute;p (li&ecirc;n đ&ocirc;i xu&ocirc;i)</div>\r\n</div>\r\n<div class=\"benefit-item\">\r\n<div class=\"benefit-term\">Ph&aacute;t triển kỹ năng bấm gảy, phối hợp hai b&agrave;n tay</div>\r\n</div>\r\n<div class=\"benefit-item\">\r\n<div class=\"benefit-term\">Học vi&ecirc;n sẽ định h&igrave;nh hướng ph&aacute;t triển cho bản th&acirc;n để tiếp tục học đ&agrave;n Guitar theo c&aacute;c phong c&aacute;ch kh&aacute;c nhau</div>\r\n</div>\r\n<div class=\"benefit-item\">\r\n<div class=\"benefit-term\">+ Phong c&aacute;ch cổ điển: D&agrave;nh cho học vi&ecirc;n muốn học chuy&ecirc;n s&acirc;u, ph&aacute;t triển theo hướng kinh điển. Tạo nguồn v&agrave;o Học viện &Acirc;m nhạc QGVN &amp; c&aacute;c trường &acirc;m nhạc chuy&ecirc;n nghiệp</div>\r\n</div>\r\n<div class=\"benefit-item\">\r\n<div class=\"benefit-term\">+ Phong c&aacute;ch Finger Style: D&agrave;nh cho học vi&ecirc;n muốn học độc tấu c&aacute;c ca kh&uacute;c, c&aacute;c kỹ thuật chơi Finger Style</div>\r\n</div>\r\n</div>\r\n</div>\r\n<div class=\"course-good-for-area\">\r\n<div class=\"title\">Ph&ugrave; hợp với</div>\r\n<div class=\"item\"><span class=\"term\">Độ tuổi từ 7 tuổi trở l&ecirc;n</span></div>\r\n<div class=\"item\"><span class=\"term\">Học sinh, sinh vi&ecirc;n, người đi l&agrave;m</span></div>\r\n<div class=\"item\"><span class=\"term\">Những người chưa từng tiếp x&uacute;c với Guitar</span></div>\r\n<div class=\"item\"><span class=\"term\">Người đ&atilde; học nhạc cụ kh&aacute;c chuyển sang học Guitar</span></div>\r\n<div class=\"item\"><span class=\"term\">Người tự học Guitar nhưng thiếu, hổng kiến thức cơ bản</span></div>\r\n</div>',1,8,NULL,'44.png','',0),(45,'Học guitar solo cơ bản đến nâng cao',259000,5,'2021-01-17 19:55:23','2021-01-17 19:55:23','<div class=\"overall-description\">\r\n<div class=\"description-details\">\r\n<div class=\"des-partial\">\r\n<p>Fingerstyle guitar l&agrave; kỹ thuật chơi guitar bằng c&aacute;ch gảy c&aacute;c d&acirc;y trực tiếp bằng c&aacute;c ng&oacute;n tay, m&oacute;ng tay, hoặc picks gắn v&agrave;o ng&oacute;n tay, tr&aacute;i ngược với flatpicking (gảy những note ri&ecirc;ng lẻ bằng pick) hay rải 1 chuỗi c&aacute;c chord. Đ&acirc;y l&agrave; một kỹ thuật đầy sự s&aacute;ng tạo v&agrave; ngẫu hứng m&agrave; c&aacute;c t&iacute;n đồ học guitar muốn theo đuổi. Kh&oacute;a học guitar fingerstyle n&agrave;y l&agrave; sự đ&uacute;c kết kinh nghiệm từ qu&aacute; tr&igrave;nh luyện tập l&acirc;u d&agrave;i, gi&uacute;p học vi&ecirc;n tập trung v&agrave;o những điểm quan trọng nhất của kỹ thuật fingerstyle để c&oacute; sự tiến bộ r&otilde; rệt trong qu&aacute; tr&igrave;nh học.</p>\r\n</div>\r\n</div>\r\n</div>\r\n<div class=\"course-benefits\">\r\n<div class=\"benefit-title\">Lợi &iacute;ch từ kho&aacute; học</div>\r\n<div class=\"benefit-items\">\r\n<div class=\"benefit-item\">\r\n<div class=\"benefit-term\">D&ograve; tone, d&ograve; giai điệu v&agrave; hợp &acirc;m cho b&agrave;i h&aacute;t từ đ&oacute; c&oacute; thể tự đệm v&agrave; guitar solo một b&agrave;i h&aacute;t</div>\r\n</div>\r\n<div class=\"benefit-item\">\r\n<div class=\"benefit-term\">Chuyển soạn Finger Style những b&agrave;i h&aacute;t y&ecirc;u th&iacute;ch, những b&agrave;i Finger Style nổi tiếng</div>\r\n</div>\r\n<div class=\"benefit-item\">\r\n<div class=\"benefit-term\">Chơi ngẫu hứng v&agrave; đệm h&aacute;t b&agrave;i bất kỳ theo phong c&aacute;ch Finger Style</div>\r\n</div>\r\n</div>\r\n</div>\r\n<div class=\"course-good-for-area\">\r\n<div class=\"title\">Ph&ugrave; hợp với</div>\r\n<div class=\"item\"><span class=\"term\">Những bạn c&oacute; niềm đam m&ecirc; với guitar n&oacute;i chung v&agrave; fingerstyle n&oacute;i ri&ecirc;ng</span></div>\r\n<div class=\"item\"><span class=\"term\">Những bạn chơi guitar nhưng chưa tiến bộ v&agrave; gặp nhiều kh&oacute; khăn trong qu&aacute; tr&igrave;nh luyện tập</span></div>\r\n<div class=\"item\"><span class=\"term\">Những bạn đ&atilde; chơi guitar l&acirc;u nhưng kh&ocirc;ng thể chuyển soạn fingerstyle v&agrave; kh&ocirc;ng thể chơi guitar solo được</span></div>\r\n</div>',1,8,NULL,'45.png','Giáo trình Finger Style ngắn nhất cho một quá trình lâu dài',0),(46,'Học guitar đệm hát cấp tốc cùng Haketu',189000,0,'2021-01-17 19:56:18','2021-01-17 19:56:18','<div class=\"overall-description\">\r\n<div class=\"description-details\">\r\n<div class=\"des-partial\">\r\n<p>Kh&oacute;a học bao gồm những kiến thức quan trọng v&agrave; cần thiết nhất phục vụ cho mục đ&iacute;ch đệm h&aacute;t cơ bản. Ngo&agrave;i ra, những kỹ năng dựa tr&ecirc;n kinh nghiệm giảng dạy thực tế v&agrave; c&aacute;c b&agrave;i tập thực h&agrave;nh đa dạng gi&uacute;p bạn l&agrave;m chủ một c&acirc;y đ&agrave;n guitar trong thời gian ngắn.&nbsp;</p>\r\n</div>\r\n</div>\r\n</div>\r\n<div class=\"course-benefits\">\r\n<div class=\"benefit-title\">Lợi &iacute;ch từ kho&aacute; học</div>\r\n<div class=\"benefit-items\">\r\n<div class=\"benefit-item\">\r\n<div class=\"benefit-term\">Biết được những điệu đ&agrave;n cơ bản v&agrave; biết c&aacute;ch &aacute;p dụng v&agrave;o c&aacute;c b&agrave;i h&aacute;t y&ecirc;u th&iacute;ch</div>\r\n</div>\r\n<div class=\"benefit-item\">\r\n<div class=\"benefit-term\">C&oacute; thể vừa đ&agrave;n vừa h&aacute;t, hoặc đ&agrave;n cho người kh&aacute;c h&aacute;t</div>\r\n</div>\r\n</div>\r\n</div>\r\n<div class=\"course-good-for-area\">\r\n<div class=\"title\">Ph&ugrave; hợp với</div>\r\n<div class=\"item\"><span class=\"term\">Ph&ugrave; hợp với mọi lứa tuổi</span></div>\r\n<div class=\"item\"><span class=\"term\">Người chưa tiếp x&uacute;c với guitar bao giờ, mới bắt đầu hoặc đ&atilde; chơi guitar đệm h&aacute;t được một thời gian ngắn</span></div>\r\n</div>',1,8,NULL,'46.png','',0),(47,'Nền tảng tiếng Anh cho người mới bắt đầu',220000,0,'2021-01-17 19:56:57','2021-01-17 19:56:57','<div class=\"overall-description\">\r\n<div class=\"description-details\">\r\n<div class=\"des-partial\">\r\n<p>Rất nhiều bạn học tiếng Anh v&agrave; đang gặp phải c&aacute;c vấn đề như: - Kh&ocirc;ng biết n&ecirc;n học tiếng Anh như thế n&agrave;o cho hiệu quả - Học tiếng Anh đ&atilde; l&acirc;u rồi nhưng chưa thể n&oacute;i ra th&agrave;nh phản xạ c&aacute;c chủ đề th&ocirc;ng dụng trong giao tiếp h&agrave;ng ng&agrave;y - Bối rối v&agrave; kh&ocirc;ng biết n&oacute;i g&igrave; khi giao tiếp với người nước ngo&agrave;i - Mất tự tin khi sử dụng tiếng Anh trong học tập cũng như c&ocirc;ng việc h&agrave;ng ng&agrave;y Kh&oacute;a học n&agrave;y gi&uacute;p bạn giải quyết c&aacute;c vấn đề tr&ecirc;n th&ocirc;ng qua 97 b&agrave;i học chia l&agrave;m c&aacute;c chủ đề kh&aacute;c nhau để bạn cải thiện vốn từ v&agrave; ngữ ph&aacute;p một c&aacute;ch hiệu quả nhất.&nbsp;</p>\r\n</div>\r\n</div>\r\n</div>\r\n<div class=\"course-benefits\">\r\n<div class=\"benefit-title\">Lợi &iacute;ch từ kho&aacute; học</div>\r\n<div class=\"benefit-items\">\r\n<div class=\"benefit-item\">\r\n<div class=\"benefit-term\">Luyện ph&aacute;t &acirc;m chuẩn to&agrave;n bộ 44 &acirc;m trong Bảng phi&ecirc;n &acirc;m quốc tế (Bảng IPA)</div>\r\n</div>\r\n<div class=\"benefit-item\">\r\n<div class=\"benefit-term\">Hệ thống h&oacute;a lại to&agrave;n bộ kiến thức từ vựng, ngữ ph&aacute;p v&agrave; ứng dụng ch&uacute;ng dễ d&agrave;ng trong giao tiếp</div>\r\n</div>\r\n<div class=\"benefit-item\">\r\n<div class=\"benefit-term\">Học giao tiếp, phản xạ qua c&aacute;c chủ điểm th&ocirc;ng dụng, nối &acirc;m, biến &acirc;m, ngữ điệu l&ecirc;n xuống một c&aacute;ch tự nhi&ecirc;n nhất như người bản ngữ</div>\r\n</div>\r\n<div class=\"benefit-item\">\r\n<div class=\"benefit-term\">Những c&aacute;ch hay mẹo nhỏ gi&uacute;p bắt chuyện, gợi mở c&acirc;u chuyện với người nước ngo&agrave;i một c&aacute;ch tự nhi&ecirc;n v&agrave; đầy hứng th&uacute;</div>\r\n</div>\r\n<div class=\"benefit-item\">\r\n<div class=\"benefit-term\">Những b&agrave;i tập thực h&agrave;nh đi k&egrave;m gi&uacute;p người học tăng khả năng phản xạ, giao tiếp tự nhi&ecirc;n</div>\r\n</div>\r\n</div>\r\n</div>\r\n<div class=\"course-good-for-area\">\r\n<div class=\"title\">Ph&ugrave; hợp với</div>\r\n<div class=\"item\"><span class=\"term\">Muốn cải thiện khả năng ngữ &acirc;m của m&igrave;nh</span></div>\r\n<div class=\"item\"><span class=\"term\">Kh&ocirc;ng c&oacute; nền tảng ngữ ph&aacute;p căn bản</span></div>\r\n<div class=\"item\"><span class=\"term\">Chưa biết vận dụng ngữ ph&aacute;p trong nghe n&oacute;i</span></div>\r\n<div class=\"item\"><span class=\"term\">Muốn giao tiếp tự tin</span></div>\r\n<div class=\"item\"><span class=\"term\">Muốn cải thiện khả năng nghe v&agrave; n&oacute;i, phản xạ</span></div>\r\n<div class=\"item\"><span class=\"term\">Những người mất gốc hoặc bắt đầu học tiếng Anh giao tiếp cơ bản</span></div>\r\n</div>',1,11,NULL,'47.png','',0),(48,'Học tiếng Anh theo chủ đề: Jobs',256000,0,'2021-01-17 19:59:22','2021-01-17 19:59:22','<div class=\"overall-description\">\r\n<div class=\"description-details\">\r\n<div class=\"des-partial\">\r\n<p>Kho&aacute; học với nội dung cơ bản, ngắn gọn, dễ hiểu, cần thiết<br />Học vi&ecirc;n thường xuy&ecirc;n được kiểm tra, đ&aacute;nh gi&aacute; qua c&aacute;c b&agrave;i kiểm tra trong v&agrave; sau mỗi b&agrave;i học<br />Luyện c&aacute;c kĩ năng quan trọng trong giao tiếp tiếng anh (nghe, n&oacute;i, phản xạ, ngữ &acirc;m) trong 1 b&agrave;i học<br />Nắm bắt được c&aacute;c từ v&agrave; c&aacute;c cụm từ thường sử dụng theo c&aacute;c chủ đề<br />Tự tin, thoải m&aacute;i tr&ograve; chuyện v&agrave; chia sẻ cảm x&uacute;c với bạn b&egrave;, đồng nghiệp, đối t&aacute;c...</p>\r\n<p>Lộ tr&igrave;nh học tập:<br />28 b&agrave;i học về từ vựng v&agrave; cấu tr&uacute;c c&acirc;u xoay quanh chủ đề JOBs c&oacute; b&agrave;i tập đi k&egrave;m</p>\r\n</div>\r\n</div>\r\n</div>\r\n<div class=\"course-benefits\">\r\n<div class=\"benefit-title\">Lợi &iacute;ch từ kho&aacute; học</div>\r\n<div class=\"benefit-items\">\r\n<div class=\"benefit-item\">\r\n<div class=\"benefit-term\">Chi ph&iacute; rẻ, tiết kiệm thời gian</div>\r\n</div>\r\n<div class=\"benefit-item\">\r\n<div class=\"benefit-term\">Học mọi l&uacute;c mọi nơi</div>\r\n</div>\r\n<div class=\"benefit-item\">\r\n<div class=\"benefit-term\">C&aacute;c t&igrave;nh huống cụ thể được minh họa sinh động qua video học liệu full HD</div>\r\n</div>\r\n<div class=\"benefit-item\">\r\n<div class=\"benefit-term\">Tự tin, thoải m&aacute;i tr&ograve; chuyện v&agrave; chia sẻ cảm x&uacute;c với bạn b&egrave;, đồng nghiệp, đối t&aacute;c...</div>\r\n</div>\r\n<div class=\"benefit-item\">\r\n<div class=\"benefit-term\">Chủ động thời gian v&agrave; kh&ocirc;ng gian</div>\r\n</div>\r\n</div>\r\n</div>\r\n<div class=\"course-good-for-area\">\r\n<div class=\"title\">Ph&ugrave; hợp với</div>\r\n<div class=\"item\"><span class=\"term\">Những người th&iacute;ch học tiếng anh, muốn n&acirc;ng cao khả năng giao tiếp nhưng kh&ocirc;ng c&oacute; đủ điều kiện về thời gian v&agrave; t&agrave;i ch&iacute;nh hoặc chưa c&oacute; phương ph&aacute;p đ&uacute;ng đắn v&agrave; ph&ugrave; hợp</span></div>\r\n<div class=\"item\"><span class=\"term\">Những người c&oacute; tr&igrave;nh độ Tiếng Anh giao tiếp ở mức cơ bản, vốn ngữ ph&aacute;p, từ vựng v&agrave; khả năng giao tiếp hạn chế, sợ nghe, ngại n&oacute;i</span></div>\r\n<div class=\"item\"><span class=\"term\">Những người thường xuy&ecirc;n tiếp x&uacute;c với bạn b&egrave;, đồng nghiệp, đối t&aacute;c.... l&agrave; người nước ngo&agrave;i.</span></div>\r\n<div class=\"item\"><span class=\"term\">Kho&aacute; học với 100% giảng vi&ecirc;n người bản ngữ, đến từ Topica Native</span></div>\r\n</div>',1,11,NULL,'48.png','Tự tin sử dụng tiếng Anh theo các chủ đề trong cuộc sống hàng ngày',0),(49,'Tiếng Anh giao tiếp thường ngày',250000,0,'2021-01-17 20:00:07','2021-01-17 20:00:07','<div class=\"overall-description\">\r\n<div class=\"description-details\">\r\n<div class=\"des-partial\">\r\n<p>Rất nhiều bạn học tiếng Anh v&agrave; đang gặp phải c&aacute;c vấn đề như: - Kh&ocirc;ng biết n&ecirc;n học tiếng Anh như thế n&agrave;o cho hiệu quả - Học tiếng Anh đ&atilde; l&acirc;u rồi nhưng chưa thể n&oacute;i ra th&agrave;nh phản xạ c&aacute;c chủ đề th&ocirc;ng dụng trong giao tiếp h&agrave;ng ng&agrave;y - Bối rối v&agrave; kh&ocirc;ng biết n&oacute;i g&igrave; khi giao tiếp với người nước ngo&agrave;i - Mất tự tin khi sử dụng tiếng Anh trong học tập cũng như c&ocirc;ng việc h&agrave;ng ng&agrave;y Kh&oacute;a học n&agrave;y gi&uacute;p bạn giải quyết c&aacute;c vấn đề tr&ecirc;n bằng việc ph&aacute;t triển vốn từ vựng v&agrave; ngữ ph&aacute;p trong c&aacute;c chủ điểm tiếng Anh giao tiếp h&agrave;ng ng&agrave;y.&nbsp;</p>\r\n</div>\r\n</div>\r\n</div>\r\n<div class=\"course-benefits\">\r\n<div class=\"benefit-title\">Lợi &iacute;ch từ kho&aacute; học</div>\r\n<div class=\"benefit-items\">\r\n<div class=\"benefit-item\">\r\n<div class=\"benefit-term\">Khối lượng lớn c&aacute;c từ vựng trong c&aacute;c chủ điểm giao tiếp thường ng&agrave;y</div>\r\n</div>\r\n<div class=\"benefit-item\">\r\n<div class=\"benefit-term\">Khối lượng lớn c&aacute;c cấu tr&uacute;c ngữ ph&aacute;p gi&uacute;p diễn tả &yacute; dễ d&agrave;ng, mạch lạc hơn</div>\r\n</div>\r\n<div class=\"benefit-item\">\r\n<div class=\"benefit-term\">Học ph&aacute;t triển c&acirc;u th&ocirc;ng qua c&aacute;c cấu tr&uacute;c</div>\r\n</div>\r\n<div class=\"benefit-item\">\r\n<div class=\"benefit-term\">C&aacute;c b&agrave;i tập thực h&agrave;nh luyện nghe v&agrave; n&oacute;i</div>\r\n</div>\r\n<div class=\"benefit-item\">\r\n<div class=\"benefit-term\">Luyện giao tiếp tiếng Anh v&agrave; phản xạ nhanh th&ocirc;ng qua c&aacute;c b&agrave;i học hỏi v&agrave; đ&aacute;p c&ugrave;ng giảng vi&ecirc;n</div>\r\n</div>\r\n</div>\r\n</div>\r\n<div class=\"course-good-for-area\">\r\n<div class=\"title\">Ph&ugrave; hợp với</div>\r\n<div class=\"item\"><span class=\"term\">Muốn luyện giao tiếp tiếng Anh, ph&aacute;t triển khả năng nghe n&oacute;i v&agrave; phản xạ của m&igrave;nh</span></div>\r\n<div class=\"item\"><span class=\"term\">Muốn giao tiếp tự tin với người nước ngo&agrave;i</span></div>\r\n<div class=\"item\"><span class=\"term\">Muốn giỏi tiếng Anh giao tiếp thường ng&agrave;y trong một thời gian ngắn</span></div>\r\n</div>',1,11,NULL,'49.png','',0),(50,'Tiếng Pháp cơ bản cấp độ 1',199000,0,'2021-01-17 20:01:25','2021-01-17 20:01:25','<div class=\"overall-description\">\r\n<div class=\"description-details\">\r\n<div class=\"des-partial\">\r\n<p>Nhiều học vi&ecirc;n c&oacute; nhu cầu học tiếng Ph&aacute;p v&igrave; l&iacute; do c&ocirc;ng việc, c&aacute; nh&acirc;n nhưng kh&ocirc;ng c&oacute; thời gian đi học tại trung t&acirc;m hay kh&oacute; t&igrave;m được gi&aacute;o vi&ecirc;n giảng dạy c&oacute; chất lượng. Kh&oacute;a học tiếng Ph&aacute;p online n&agrave;y sẽ gi&uacute;p cho học vi&ecirc;n được tiếp cận một chương tr&igrave;nh dạy với c&aacute;c kĩ năng mục ti&ecirc;u r&otilde; r&agrave;ng trong từng b&agrave;i học, phần kiến thức được chọn lọc đưa v&agrave;o giải th&iacute;ch s&uacute;c t&iacute;ch, ngắn gọn nhưng hiệu quả.<br />Điểm ưu việt với nhiều kh&oacute;a học trực tuyến l&agrave; kh&oacute;a học n&agrave;y c&oacute; sự tham gia của gi&aacute;o vi&ecirc;n người Ph&aacute;p đang giảng dạy tại Paris c&oacute; nhiều kinh nghiệm dạy tiếng Ph&aacute;p cho người nước ngo&agrave;i, v&agrave; do một giảng vi&ecirc;n người Việt d&agrave;y dạn kinh nghiệm, y&ecirc;u nghề, thủ khoa tiếng Ph&aacute;p Đại học Sư phạm Ngoại Ngữ, c&oacute; bằng Tiến sỹ loại xuất sắc tại Ph&aacute;p, bi&ecirc;n soạn v&agrave; giảng dạy.</p>\r\n</div>\r\n</div>\r\n</div>\r\n<div class=\"course-benefits\">\r\n<div class=\"benefit-title\">Lợi &iacute;ch từ kho&aacute; học</div>\r\n<div class=\"benefit-items\">\r\n<div class=\"benefit-item\">\r\n<div class=\"benefit-term\">C&oacute; thể giới thiệu về bản th&acirc;n, giới thiệu người kh&aacute;c, biết đ&aacute;nh vần, đếm, diễn đạt sở th&iacute;ch, n&oacute;i về gia đ&igrave;nh, mi&ecirc;u tả h&igrave;nh d&aacute;ng t&iacute;nh c&aacute;ch, n&oacute;i về c&aacute;c hoạt động thể thao v&agrave; giải tr&iacute;, mi&ecirc;u tả quần &aacute;o m&agrave;u sắc, định vị trong kh&ocirc;ng gian v&agrave; thời gian, đặt ph&ograve;ng, chỉ đường, kể lại c&aacute;c hoạt động trong ng&agrave;y...</div>\r\n</div>\r\n<div class=\"benefit-item\">\r\n<div class=\"benefit-term\">Gi&uacute;p người học giao tiếp cơ bản bằng tiếng Ph&aacute;p trong m&ocirc;i trường Ph&aacute;p ngữ v&agrave; c&oacute; hiểu biết ban đầu về văn h&oacute;a Ph&aacute;p, tạo n&ecirc;n ưu thế cạnh tranh trong c&ocirc;ng việc c&aacute; nh&acirc;n.</div>\r\n</div>\r\n<div class=\"benefit-item\">\r\n<div class=\"benefit-term\">Gi&uacute;p người học c&oacute; phương ph&aacute;p học ngoại ngữ, c&oacute; nền tảng tốt để học tiếp những kh&oacute;a học n&acirc;ng cao hơn v&agrave; l&agrave;m chủ được một ng&ocirc;n ngữ vẫn được coi l&agrave; của giới qu&yacute; tộc, kh&aacute;m ph&aacute; được một hệ tư duy rất ch&iacute;nh x&aacute;c v&agrave; phong c&aacute;ch.</div>\r\n</div>\r\n</div>\r\n</div>\r\n<div class=\"course-good-for-area\">\r\n<div class=\"title\">Ph&ugrave; hợp với</div>\r\n<div class=\"item\"><span class=\"term\">Người đi l&agrave;m muốn học th&ecirc;m tiếng Ph&aacute;p để giao tiếp với đồng nghiệp Ph&aacute;p ngữ, đi du lịch thăm người nh&agrave; tại Ph&aacute;p, những người muốn biết th&ecirc;m một ng&ocirc;n ngữ gi&agrave;u t&iacute;nh văn h&oacute;a, được coi l&agrave; tiếng của giới qu&yacute; tộc v&agrave; của c&aacute;c nh&agrave; ngoại giao tr&ecirc;n thế giới.</span></div>\r\n<div class=\"item\"><span class=\"term\">C&aacute;c em học sinh đ&atilde; học tốt tiếng Anh từ cấp 1, l&ecirc;n cấp 2 muốn học th&ecirc;m một ngoại ngữ để ho&agrave;n thiện bản th&acirc;n, chuẩn bị hồ sơ đi du học nước ngo&agrave;i, v&agrave; tạo cho m&igrave;nh lợi thế cạnh tranh tr&ecirc;n thị trường lao động.</span></div>\r\n<div class=\"item\"><span class=\"term\">C&aacute;c bạn đ&atilde; học tiếng Ph&aacute;p l&acirc;u năm muốn &ocirc;n lại kiến thức cũng sẽ t&igrave;m thấy trong kh&oacute;a học tiếng Ph&aacute;p online n&agrave;y những tổng kết kiến thức kỹ năng r&otilde; r&agrave;ng ngắn gọn hiệu quả.</span></div>\r\n</div>',1,12,NULL,'50.png','',0),(51,'Tiếng Đức sơ cấp cho người mới bắt đầu',229000,0,'2021-01-17 20:02:16','2021-01-17 20:02:16','<div class=\"overall-description\">\r\n<div class=\"description-details\">\r\n<div class=\"des-partial\">\r\n<p>Hiện nay, Đức nằm trong top 3 những nước được y&ecirc;u th&iacute;ch nhất của du học sinh to&agrave;n thế giới. Bằng cấp của c&aacute;c trường đại học tại Đức được nh&agrave; tuyển dụng tr&ecirc;n to&agrave;n thế giới đ&aacute;nh gi&aacute; rất cao. Ngo&agrave;i ra, nước Đức l&agrave; một quốc gia năng động với nền văn h&oacute;a đa dạng trong l&ograve;ng Ch&acirc;u &Acirc;u. Vậy tại sao bạn kh&ocirc;ng lựa chọn học tiếng Đức &ndash; thứ ng&ocirc;n ngữ m&agrave; người ta gọi l&agrave;: &ldquo;Ng&ocirc;n ngữ khởi nguồn của mọi ng&ocirc;n ngữ&rdquo;.<br />Kh&oacute;a học \"Tiếng Đức sơ cấp cho người mới bắt đầu\" sẽ gi&uacute;p bạn c&oacute; những kiến thức cơ bản nhất th&ocirc;ng qua c&aacute;c&nbsp;b&agrave;i tập t&igrave;nh huống, hiện tượng ngữ ph&aacute;p cơ bản nhất. Sau kh&oacute;a học:<br />+ C&aacute;c bạn sẽ tự tin đi s&acirc;u v&agrave;o tr&igrave;nh độ tiếng Đức n&acirc;ng cao<br />+ Tự tin giao tiếp cơ bản với người bản ngữ<br />C&aacute;c chương mục trong kh&oacute;a học n&agrave;y được x&acirc;y dựng một c&aacute;ch khoa học v&agrave; c&oacute; t&iacute;nh hệ thống. C&aacute;c đầu mục được sắp xếp từ cơ bản đến phức tạp v&agrave; c&oacute; mối li&ecirc;n hệ chặt chẽ với nhau, gi&uacute;p cho người học dễ d&agrave;ng tiếp nhận kiến thức.</p>\r\n</div>\r\n</div>\r\n</div>\r\n<div class=\"course-benefits\">\r\n<div class=\"benefit-title\">Lợi &iacute;ch từ kho&aacute; học</div>\r\n<div class=\"benefit-items\">\r\n<div class=\"benefit-item\">\r\n<div class=\"benefit-term\">Sau khi ho&agrave;n th&agrave;nh Kh&oacute;a học, c&aacute;c bạn ho&agrave;n to&agrave;n đủ khả năng:</div>\r\n</div>\r\n<div class=\"benefit-item\">\r\n<div class=\"benefit-term\">Đọc hiểu c&aacute;c văn bản th&ocirc;ng thường</div>\r\n</div>\r\n<div class=\"benefit-item\">\r\n<div class=\"benefit-term\">Viết c&acirc;u phức</div>\r\n</div>\r\n<div class=\"benefit-item\">\r\n<div class=\"benefit-term\">Giao tiếp trong c&aacute;c t&igrave;nh huống thường nhật</div>\r\n</div>\r\n<div class=\"benefit-item\">\r\n<div class=\"benefit-term\">Học kiến thức cao hơn với nền tảng kiến thức cơ bản vững ch&atilde;i</div>\r\n</div>\r\n</div>\r\n</div>\r\n<div class=\"course-good-for-area\">\r\n<div class=\"title\">Ph&ugrave; hợp với</div>\r\n<div class=\"item\"><span class=\"term\">Những ai y&ecirc;u th&iacute;ch nước Đức v&agrave; học tiếng Đức</span></div>\r\n<div class=\"item\"><span class=\"term\">Những người chưa biết g&igrave; về tiếng Đức muốn học c&aacute;c kiến thức cơ bản</span></div>\r\n<div class=\"item\"><span class=\"term\">Những ai muốn l&agrave;m việc tại c&aacute;c c&ocirc;ng ty Đức hoặc li&ecirc;n quan đến tiếng Đức</span></div>\r\n</div>',1,10,NULL,'51.png','',0),(52,'Nền tảng ngữ pháp tiếng Trung - HSK5',230000,0,'2021-01-17 20:03:04','2021-01-17 20:03:04','<div class=\"overall-description\">\r\n<div class=\"description-details\">\r\n<div class=\"des-partial\">\r\n<p>Kh&oacute;a học được thiết kế 15 b&agrave;i:<br />- Mỗi b&agrave;i giảng bao gồm:<br />+ B&agrave;i kh&oacute;a.<br />+ Giảng chi tiết từ vựng, ngữ ph&aacute;p.<br />+ Phần hỗ trợ &ocirc;n tập nhớ từ vựng.<br />+ C&acirc;u hỏi v&agrave; b&agrave;i tập củng cố kiến thức.<br />- B&agrave;i giảng trực quan như học trực tiếp.<br />- C&oacute; những y&ecirc;u cầu học tập cụ thể cho học vi&ecirc;n trong qu&aacute; tr&igrave;nh học.</p>\r\n</div>\r\n</div>\r\n</div>\r\n<div class=\"course-benefits\">\r\n<div class=\"benefit-title\">Lợi &iacute;ch từ kho&aacute; học</div>\r\n<div class=\"benefit-items\">\r\n<div class=\"benefit-item\">\r\n<div class=\"benefit-term\">C&oacute; thể tham gia kỳ thi năng lực tiếng H&aacute;n từ tr&igrave;nh độ HSK từ cấp 3 đến cấp 5.</div>\r\n</div>\r\n</div>\r\n</div>\r\n<div class=\"course-good-for-area\">\r\n<div class=\"title\">Ph&ugrave; hợp với</div>\r\n<div class=\"item\"><span class=\"term\">Mọi đối tượng đ&atilde; học tiếng Trung từ tr&igrave;nh độ sơ cấp trở l&ecirc;n.</span></div>\r\n</div>',1,10,NULL,'52.png','',0),(53,'Cuối tuần học iOS 10 qua 25 kỹ thuật cơ bản',300000,0,'2021-01-17 20:06:43','2021-01-17 20:06:43','<div class=\"overall-description\">\r\n<div class=\"description-details\">\r\n<div class=\"des-partial\">\r\n<p>- Kh&oacute;a học cung cấp c&aacute;c kiến thức nền tảng về lập tr&igrave;nh iPhone bằng c&aacute;ch giới thiệu 25 kĩ thuật cơ bản minh họa qua c&aacute;c v&iacute; dụ nhỏ.</p>\r\n<p>- C&aacute;c b&agrave;i học được thiết kế li&ecirc;n ho&agrave;n, b&agrave;i sau dựa tr&ecirc;n c&aacute;c kĩ thuật của b&agrave;i trước nhưng được ph&aacute;t triển dần l&ecirc;n theo cấp độ cao hơn.</p>\r\n<p>- Nội dung kh&oacute;a học dựa tr&ecirc;n c&aacute;c đ&uacute;c kết v&agrave; trải nghiệm của c&aacute; nh&acirc;n từ những dự &aacute;n freelance về iOS m&agrave; giảng vi&ecirc;n đ&atilde; tham gia.</p>\r\n</div>\r\n</div>\r\n</div>\r\n<div class=\"course-benefits\">\r\n<div class=\"benefit-title\">Lợi &iacute;ch từ kho&aacute; học</div>\r\n<div class=\"benefit-items\">\r\n<div class=\"benefit-item\">\r\n<div class=\"benefit-term\">Biết được 25 kĩ thuật cơ bản v&agrave; th&ocirc;ng dụng khi lập tr&igrave;nh iPhone</div>\r\n</div>\r\n<div class=\"benefit-item\">\r\n<div class=\"benefit-term\">Hiểu c&aacute;c đặc trưng cơ bản v&agrave; sử dụng được ng&ocirc;n ngữ Swift 3</div>\r\n</div>\r\n<div class=\"benefit-item\">\r\n<div class=\"benefit-term\">Tự viết được những ứng dụng nhỏ cho iPhone</div>\r\n</div>\r\n</div>\r\n</div>\r\n<div class=\"course-good-for-area\">\r\n<div class=\"title\">Ph&ugrave; hợp với</div>\r\n<div class=\"item\"><span class=\"term\">Lập tr&igrave;nh vi&ecirc;n muốn trang bị nhanh c&aacute;c kiến thức cơ bản cần thiết cho việc lập tr&igrave;nh iOS</span></div>\r\n</div>',1,4,NULL,'53.png','',0),(54,'Objective-C - Các bước căn bản để xây dựng nên một ứng dụng IOS',250000,0,'2021-01-17 20:07:21','2021-01-17 20:07:21','<div class=\"overall-description\">\r\n<div class=\"description-details\">\r\n<div class=\"des-partial\">\r\n<p>- Vấn đề cơ bản v&agrave; đầu ti&ecirc;n khi d&acirc;n lập tr&igrave;nh nghe nhắc tới từ \"Objective-C\" l&agrave; g&igrave;? Đ&oacute; l&agrave; ng&ocirc;n ngữ n&agrave;y qu&aacute; kh&oacute;, qu&aacute; lạ so với phần c&ograve;n lại của thế giới lập tr&igrave;nh. Thật đ&uacute;ng vậy, Objective-C một m&igrave;nh n&oacute; đi theo một c&uacute; ph&aacute;p ri&ecirc;ng, một c&aacute;ch thể hiện ng&ocirc;n ngữ ri&ecirc;ng. N&ecirc;n những bạn đang học ng&ocirc;n ngữ kh&aacute;c như PHP, Java, Python, Android (Java) sẽ cảm thấy thật kh&oacute; khăn khi tiếp cận Objective-C.</p>\r\n<p>- M&igrave;nh l&agrave; người chuyển từ Java sang Objective-C, n&ecirc;n m&igrave;nh biết được c&aacute;i ngại của mấy bạn đang l&agrave;m ng&ocirc;n ngữ kh&aacute;c khi muốn chuyển sang Objective-C.</p>\r\n<p>- Tại sao lại l&agrave; Objective-C m&agrave; ko phải l&agrave; Swift: V&igrave; khi bạn đ&atilde; th&ocirc;ng thạo Objective-C, th&igrave; chuyển sang Swift l&agrave; một việc rất dễ d&agrave;ng.</p>\r\n<p>- Kết quả của kh&oacute;a học n&agrave;y, l&agrave; hướng dẫn một người đ&atilde; c&oacute; kiến thức về lập tr&igrave;nh (chưa biết về Objective-C hoặc lập tr&igrave;nh Mobile) đi từng bước để học ng&ocirc;n ngữ Objective-C căn bản tới việc x&acirc;y dựng một ứng dụng IOS đơn giản v&agrave; c&oacute; thể chạy tr&ecirc;n ch&iacute;nh chiếc Iphone của m&igrave;nh.</p>\r\n<p>- B&agrave;i giảng sẽ chia l&agrave;m 3 phần ch&iacute;nh:<br />+ Phần 1: Hướng dẫn l&agrave;m quen v&agrave; hiểu về ng&ocirc;n ngữ Objective-C: khai b&aacute;o biến, h&agrave;m, c&uacute; ph&aacute;p...<br />+ Phần 2: Hướng dẫn sử dụng c&aacute;c th&agrave;nh phần UI tr&ecirc;n Xcode để x&acirc;y dựng giao diện app.<br />+ Phần 3: Sử dụng kiến thức ở phần 1 v&agrave; 2 để x&acirc;y dựng ho&agrave;n chỉnh một ứng dụng IOS cơ bản.</p>\r\n<p>&nbsp;</p>\r\n</div>\r\n</div>\r\n</div>\r\n<div class=\"course-benefits\">\r\n<div class=\"benefit-title\">Lợi &iacute;ch từ kho&aacute; học</div>\r\n<div class=\"benefit-items\">\r\n<div class=\"benefit-item\">\r\n<div class=\"benefit-term\">Sau kh&oacute;a học, học vi&ecirc;n sẽ nắm được kiến thức nền tảng về ng&ocirc;n ngữ Objective-C, nắm được kiến thức về c&aacute;c th&agrave;nh phần để x&acirc;y dựng giao diện IOS.</div>\r\n</div>\r\n<div class=\"benefit-item\">\r\n<div class=\"benefit-term\">Học vi&ecirc;n sẽ nắm được qu&aacute; tr&igrave;nh cơ bản của việc x&acirc;y dựng một ứng dụng mobile.</div>\r\n</div>\r\n<div class=\"benefit-item\">\r\n<div class=\"benefit-term\">Gi&uacute;p học vi&ecirc;n vận dụng kiến thức, l&ecirc;n &yacute; tưởng v&agrave; tự x&acirc;y dựng được ứng dụng IOS của ch&iacute;nh m&igrave;nh.</div>\r\n</div>\r\n<div class=\"benefit-item\">\r\n<div class=\"benefit-term\">C&oacute; kiến thức nền tảng về c&aacute;ch x&acirc;y dựng app Mobile, để khi c&oacute; hứng th&uacute;, học vi&ecirc;n c&oacute; thể chuyển qua c&aacute;c ng&ocirc;n ngữ Mobile kh&aacute;c như Swift, Android (Java) một c&aacute;ch dễ d&agrave;ng.</div>\r\n</div>\r\n</div>\r\n</div>\r\n<div class=\"course-good-for-area\">\r\n<div class=\"title\">Ph&ugrave; hợp với</div>\r\n<div class=\"item\"><span class=\"term\">D&agrave;nh cho những người đ&atilde; c&oacute; kiến thức về lập tr&igrave;nh: sinh vi&ecirc;n c&ocirc;ng nghệ th&ocirc;ng tin, điện tử viễn th&ocirc;ng..., người đ&atilde; đi l&agrave;m nhưng đang lập tr&igrave;nh ở một ng&ocirc;n ngữ kh&aacute;c kh&ocirc;ng phải Objective-C.</span></div>\r\n<div class=\"item\"><span class=\"term\">Những người chưa c&oacute; kinh nghiệm trong ng&agrave;nh lập tr&igrave;nh, nhưng đ&atilde; c&oacute; t&igrave;m hiểu lập tr&igrave;nh v&agrave; biết lập tr&igrave;nh cơ bản.</span></div>\r\n</div>',1,4,NULL,'54.png','',0),(55,'Dạy đệm Organ cấp tốc - Thiện Organ',189000,0,'2021-01-17 20:08:20','2021-01-17 20:08:20','<div class=\"overall-description\">\r\n<div class=\"description-details\">\r\n<div class=\"des-partial\">\r\n<p>Dạy đệm đ&agrave;n organ cấp tốc - Thiện Organ gồm 24 phần với 72 b&agrave;i giảng, mỗi b&agrave;i giảng c&oacute; thời lượng khoảng 10 ph&uacute;t gi&uacute;p người học dễ theo d&otilde;i, thực h&agrave;nh v&agrave; &ocirc;n luyện. Sau khi ho&agrave;n thiện kh&oacute;a học n&agrave;y, bạn sẽ nắm được:<br />- Kiến thức nhạc l&yacute; cơ bản cần nắm như k&iacute; hiệu, thuật ngữ v&agrave; nốt nhạc tr&ecirc;n ph&iacute;m đ&agrave;n.<br />- C&aacute;ch luyện ng&oacute;n, bấm hợp &acirc;m tr&ecirc;n đ&agrave;n organ.<br />- C&aacute;ch solo nốt, l&agrave;m intro, giang tấu, đệm l&oacute;t, đệm điệp kh&uacute;c v&agrave; kết th&uacute;c c&aacute;c giai điệu: Bolero, Chachacha, Slow, Disco, Twist.<br />- Kiến thức về c&aacute;c v&ograve;ng h&ograve;a &acirc;m cơ bản để s&aacute;ng tạo cho những bản nhạc y&ecirc;u th&iacute;ch.</p>\r\n</div>\r\n</div>\r\n</div>\r\n<div class=\"course-benefits\">\r\n<div class=\"benefit-title\">Lợi &iacute;ch từ kho&aacute; học</div>\r\n<div class=\"benefit-items\">\r\n<div class=\"benefit-item\">\r\n<div class=\"benefit-term\">Gi&uacute;p tự tin đệm đ&agrave;n tr&ecirc;n c&aacute;c giai điệu: Bolero, Chachacha, Slow, Disco, Twist.</div>\r\n</div>\r\n<div class=\"benefit-item\">\r\n<div class=\"benefit-term\">Nắm được những kiến thức nhạc l&yacute; cơ bản để s&aacute;ng tạo v&agrave; đệm những b&agrave;i h&aacute;t y&ecirc;u th&iacute;ch.</div>\r\n</div>\r\n<div class=\"benefit-item\">\r\n<div class=\"benefit-term\">Được tư vấn chọn đ&agrave;n ph&ugrave; hợp v&agrave; giảm gi&aacute; khi mua đ&agrave;n tại La#Music.</div>\r\n</div>\r\n<div class=\"benefit-item\">\r\n<div class=\"benefit-term\">Hỗ trợ giải đ&aacute;p thắc mắc qua điện thoại, facebook, email, skype.</div>\r\n</div>\r\n</div>\r\n</div>\r\n<div class=\"course-good-for-area\">\r\n<div class=\"title\">Ph&ugrave; hợp với</div>\r\n<div class=\"item\"><span class=\"term\">Người y&ecirc;u th&iacute;ch v&agrave; mong muốn học đ&agrave;n organ nhưng kh&ocirc;ng c&oacute; kiến thức về nhạc l&yacute;.</span></div>\r\n<div class=\"item\"><span class=\"term\">Những ai muốn trở th&agrave;nh &lsquo;&rsquo;Nhạc C&ocirc;ng Đi Show&rsquo;&rsquo; cấp tốc v&agrave; hiệu quả.</span></div>\r\n<div class=\"item\"><span class=\"term\">Những ai bận rộn, kh&ocirc;ng c&oacute; thời gian học offline.</span></div>\r\n<div class=\"item\"><span class=\"term\">Mọi lứa tuổi, nghề nghiệp, chỉ cần c&oacute; t&igrave;nh y&ecirc;u &acirc;m nhạc.</span></div>\r\n</div>',1,8,NULL,'55.png','',0),(56,'Tiếng Việt cho người nước ngoài (Phần 1)',210000,5,'2021-01-17 20:10:20','2021-01-17 20:10:20','<div class=\"overall-description\">\r\n<div class=\"description-details\">\r\n<div class=\"des-partial\">\r\n<p>Kh&oacute;a học được thiết kế đơn giản, th&uacute; vị cho người mới bắt đầu<br />Gi&uacute;p người học tiếp cận với tiếng Việt một c&aacute;ch dễ d&agrave;ng v&agrave; c&oacute; được c&aacute;c kiến thức cơ bản về giao tiếp, ngữ ph&aacute;p, kĩ năng nghe, n&oacute;i, đọc, viết.</p>\r\n</div>\r\n</div>\r\n</div>\r\n<div class=\"course-benefits\">\r\n<div class=\"benefit-title\">Lợi &iacute;ch từ kho&aacute; học</div>\r\n<div class=\"benefit-items\">\r\n<div class=\"benefit-item\">\r\n<div class=\"benefit-term\">Sau kh&oacute;a học, người học c&oacute; thể giao tiếp cơ bản về c&aacute;c chủ đề quen thuộc trong đời sống h&agrave;ng ng&agrave;y như: giới thiệu, ch&agrave;o hỏi, mua sắm, đi nh&agrave; h&agrave;ng, kh&aacute;ch sạn, thời tiết.... V&agrave; l&agrave;m quen với văn h&oacute;a Việt Nam.</div>\r\n</div>\r\n</div>\r\n</div>\r\n<div class=\"course-good-for-area\">\r\n<div class=\"title\">Ph&ugrave; hợp với</div>\r\n<div class=\"item\"><span class=\"term\">Người nước ngo&agrave;i sống, học tập v&agrave; l&agrave;m việc ở Việt Nam</span></div>\r\n<div class=\"item\"><span class=\"term\">Việt Kiều</span></div>\r\n<div class=\"item\"><span class=\"term\">Kh&aacute;ch du lịch c&oacute; nhu cầu học tiếng Việt</span></div>\r\n</div>',1,10,NULL,'56.png','',0),(57,'Learn Vietnamese for beginners (Part 2) - Học tiếng Việt cho người nước ngoài (Phần 2)',230000,5,'2021-01-17 20:11:02','2021-01-17 20:11:02','<div class=\"course-benefits\">\r\n<div class=\"benefit-title\">Lợi &iacute;ch từ kho&aacute; học</div>\r\n<div class=\"benefit-items\">\r\n<div class=\"benefit-item\">\r\n<div class=\"benefit-term\">Sau kh&oacute;a học, người học c&oacute; thể giao tiếp cơ bản về c&aacute;c chủ đề quen thuộc trong đời sống h&agrave;ng ng&agrave;y như: giới thiệu, ch&agrave;o hỏi, mua sắm, đi nh&agrave; h&agrave;ng, kh&aacute;ch sạn, thời tiết.... V&agrave; l&agrave;m quen với văn h&oacute;a Việt Nam.</div>\r\n</div>\r\n</div>\r\n</div>\r\n<div class=\"course-good-for-area\">\r\n<div class=\"title\">Ph&ugrave; hợp với</div>\r\n<div class=\"item\"><span class=\"term\">Người nước ngo&agrave;i sống, học tập v&agrave; l&agrave;m việc ở Việt Nam</span></div>\r\n<div class=\"item\"><span class=\"term\">Việt Kiều</span></div>\r\n<div class=\"item\"><span class=\"term\">Kh&aacute;ch du lịch c&oacute; nhu cầu học tiếng Việt</span></div>\r\n</div>',1,10,NULL,'57.png','',0),(58,'Hackers Toeic Listening',300000,10,'2021-01-17 20:12:24','2021-01-17 20:12:24','<div class=\"overall-description\">\r\n<div class=\"description-details\">\r\n<div class=\"des-partial\">Kh&oacute;a học Hackers Toeic Listening, mục ti&ecirc;u 600 đến 650 điểm gồm 59 b&agrave;i học, trong đ&oacute; thời lượng d&agrave;nh cho mỗi b&agrave;i d&agrave;i từ 15 &ndash; 20 ph&uacute;t. C&aacute;c b&agrave;i học sẽ được x&acirc;y dựng theo 2 hướng (theo kĩ năng l&agrave;m b&agrave;i thi v&agrave; theo chủ đề). C&aacute;c chủ đề trong kh&oacute;a học lu&ocirc;n được cập nhật theo dạng thức b&agrave;i thi Nghe mới nhất của cuộc thi Toeic gi&uacute;p học vi&ecirc;n l&agrave;m quen với c&aacute;c b&agrave;i thi, kh&ocirc;ng c&ograve;n những bỡ ngỡ khi gặp những dạng b&agrave;i mới. Thời gian d&agrave;nh cho kh&oacute;a học tối đa l&agrave; 30 ng&agrave;y, tuy nhi&ecirc;n, mỗi học vi&ecirc;n sẽ c&oacute; thời gian biểu kh&aacute;c nhau v&agrave; ph&ugrave; hợp với tr&igrave;nh độ - trước khi bắt đầu kh&oacute;a học, sẽ c&oacute; b&agrave;i thi test để đ&aacute;nh gi&aacute; tr&igrave;nh độ v&agrave; đưa ra lộ tr&igrave;nh học tập ph&ugrave; hợp. Kết th&uacute;c kh&oacute;a học, ngo&agrave;i nắm vững c&aacute;c kĩ năng l&agrave;m b&agrave;i thi cơ bản v&agrave; lượng từ vựng đi k&egrave;m c&oacute; tỷ lệ xuất hiện cao trong b&agrave;i thi thật, bạn c&ograve;n được thử sức với 01 b&agrave;i thi Listening thật để thấy sự tiến bộ của bản th&acirc;n. Đ&acirc;y sẽ hứa hẹn l&agrave; một điểm cộng cho kh&oacute;a học online n&agrave;y.</div>\r\n</div>\r\n</div>\r\n<div class=\"course-benefits\">\r\n<div class=\"benefit-title\">Lợi &iacute;ch từ kho&aacute; học</div>\r\n<div class=\"benefit-items\">\r\n<div class=\"benefit-item\">\r\n<div class=\"benefit-term\">Kh&oacute;a học cung cấp dạng thức b&agrave;i thi Nghe mới của TOEIC gi&uacute;p học vi&ecirc;n l&agrave;m quen với c&aacute;c đặc điểm của b&agrave;i thi.</div>\r\n</div>\r\n<div class=\"benefit-item\">\r\n<div class=\"benefit-term\">Kh&oacute;a học được thiết kế để gi&uacute;p học vi&ecirc;n chinh phục b&agrave;i thi Nghe trong khoảng thời gian ngắn (tối đa 30 ng&agrave;y), gi&uacute;p học vi&ecirc;n nắm vững c&aacute;c kĩ năng l&agrave;m b&agrave;i thi cơ bản v&agrave; chuẩn bị một lượng từ vựng đi k&egrave;m c&oacute; tỷ lệ xuất hiện cao trong b&agrave;i thi.</div>\r\n</div>\r\n<div class=\"benefit-item\">\r\n<div class=\"benefit-term\">Kh&oacute;a học gi&uacute;p người học c&oacute; thể x&acirc;y dựng được lộ tr&igrave;nh học tập theo năng lực (c&oacute; b&agrave;i kiểm tra đầu kh&oacute;a)</div>\r\n</div>\r\n</div>\r\n</div>\r\n<div class=\"course-good-for-area\">\r\n<div class=\"title\">Ph&ugrave; hợp với</div>\r\n<div class=\"item\"><span class=\"term\">Người &ocirc;n thi TOEIC mục ti&ecirc;u 600 - 650</span></div>\r\n<div class=\"item\"><span class=\"term\">Kh&ocirc;ng c&oacute; thời gian tới trung t&acirc;m</span></div>\r\n</div>',1,11,NULL,'58.png','',0),(59,'Hackers Ielts Writing',300000,10,'2021-01-17 20:13:04','2021-01-17 20:13:04','<div class=\"overall-description\">\r\n<div class=\"description-details\">\r\n<div class=\"des-partial\">Đ&acirc;y kh&ocirc;ng chỉ l&agrave; 1 kh&oacute;a học đơn thuần m&agrave; c&ograve;n l&agrave; người đồng h&agrave;nh với học vi&ecirc;n để gi&uacute;p đỡ v&agrave; giới thiệu từng dạng b&agrave;i, hướng dẫn từng chiến thuật ph&ugrave; hợp.</div>\r\n</div>\r\n</div>\r\n<div class=\"course-benefits\">\r\n<div class=\"benefit-title\">Lợi &iacute;ch từ kho&aacute; học</div>\r\n<div class=\"benefit-items\">\r\n<div class=\"benefit-item\">\r\n<div class=\"benefit-term\">IELTS l&agrave; c&aacute;nh cửa gi&uacute;p c&aacute;c bạn th&iacute; sinh hiện thực h&oacute;a ước mơ vươn ra thế giới. Ch&iacute;nh v&igrave; vậy, ngay từ b&acirc;y giờ, h&atilde;y nỗ lực luyện tập v&agrave; chuẩn bị cho b&agrave;i thi quan trọng n&agrave;y.</div>\r\n</div>\r\n<div class=\"benefit-item\">\r\n<div class=\"benefit-term\">Giới thiệu từng dạng b&agrave;i viết v&agrave; cấu tr&uacute;c c&acirc;u d&ugrave;ng cho từng loại</div>\r\n</div>\r\n<div class=\"benefit-item\">\r\n<div class=\"benefit-term\">Luyện tập theo xu hướng ra đề mới nhất! C&aacute;c chủ đề trong kh&oacute;a học được bi&ecirc;n soạn dựa tr&ecirc;n xu hướng ra đề mới nhất, nhờ vậy m&agrave; bạn c&oacute; thể chuẩn bị tốt nhất cho b&agrave;i thi thật. C&aacute;c b&agrave;i Actual Test cũng được bi&ecirc;n soạn ch&iacute;nh x&aacute;c theo h&igrave;nh thức đề thi thật mới nhất. V&igrave; vậy, bạn đ&atilde; c&oacute; trong tay đầy đủ t&agrave;i l</div>\r\n</div>\r\n<div class=\"benefit-item\">\r\n<div class=\"benefit-term\">Ngo&agrave;i thời gian học v&agrave; t&igrave;m hiểu về c&aacute;c dạng b&agrave;i, học vi&ecirc;n sẽ c&oacute; thời gian để luyện tập th&ocirc;ng qua c&aacute;c b&agrave;i tập về nh&agrave; v&agrave; sẽ học được nhiều kiến thức thực tế nhờ v&agrave;o những b&agrave;i văn mẫu m&agrave; gi&aacute;o vi&ecirc;n đưa ra.</div>\r\n</div>\r\n</div>\r\n</div>\r\n<div class=\"course-good-for-area\">\r\n<div class=\"title\">Ph&ugrave; hợp với</div>\r\n<div class=\"item\"><span class=\"term\">Những ai đ&atilde; qu&aacute; ch&aacute;n với việc tới trung t&acirc;m, đến lớp, tốn tiền học m&agrave; hiệu quả kh&ocirc;ng cao</span></div>\r\n<div class=\"item\"><span class=\"term\">Ước mơ Ielts band điểm 7.0</span></div>\r\n<div class=\"item\"><span class=\"term\">Tất cả những người y&ecirc;u tiếng Anh</span></div>\r\n</div>',1,11,NULL,'59.png','',0);
/*!40000 ALTER TABLE `course` ENABLE KEYS */;
UNLOCK TABLES;

--
-- Table structure for table `course_teacher`
--

DROP TABLE IF EXISTS `course_teacher`;
/*!40101 SET @saved_cs_client     = @@character_set_client */;
/*!50503 SET character_set_client = utf8mb4 */;
CREATE TABLE `course_teacher` (
  `id` int(11) NOT NULL AUTO_INCREMENT,
  `id_teacher` int(11) NOT NULL,
  `id_course` int(11) NOT NULL,
  PRIMARY KEY (`id`)
) ENGINE=InnoDB AUTO_INCREMENT=33 DEFAULT CHARSET=latin1;
/*!40101 SET character_set_client = @saved_cs_client */;

--
-- Dumping data for table `course_teacher`
--

LOCK TABLES `course_teacher` WRITE;
/*!40000 ALTER TABLE `course_teacher` DISABLE KEYS */;
INSERT INTO `course_teacher` VALUES (1,3,9),(2,4,10),(3,4,6),(4,3,6),(5,3,10),(6,3,7),(7,3,1),(9,1,36),(10,1,37),(11,1,38),(12,1,39),(13,1,40),(14,1,41),(15,1,42),(16,1,43),(17,1,44),(18,1,45),(19,1,46),(20,1,47),(21,1,48),(22,1,49),(23,1,50),(24,1,51),(25,1,52),(26,1,53),(27,1,54),(28,1,55),(29,1,56),(30,1,57),(31,1,58),(32,1,59);
/*!40000 ALTER TABLE `course_teacher` ENABLE KEYS */;
UNLOCK TABLES;

--
-- Table structure for table `enroll_course`
--

DROP TABLE IF EXISTS `enroll_course`;
/*!40101 SET @saved_cs_client     = @@character_set_client */;
/*!50503 SET character_set_client = utf8mb4 */;
CREATE TABLE `enroll_course` (
  `id` int(11) NOT NULL AUTO_INCREMENT,
  `id_user` int(11) NOT NULL,
  `id_course` int(11) NOT NULL,
  `enroll_date` datetime DEFAULT NULL,
  `status` int(11) NOT NULL,
  PRIMARY KEY (`id`)
) ENGINE=InnoDB AUTO_INCREMENT=149 DEFAULT CHARSET=latin1;
/*!40101 SET character_set_client = @saved_cs_client */;

--
-- Dumping data for table `enroll_course`
--

LOCK TABLES `enroll_course` WRITE;
/*!40000 ALTER TABLE `enroll_course` DISABLE KEYS */;
INSERT INTO `enroll_course` VALUES (1,1,1,'2020-12-06 19:07:52',1),(2,2,1,'2020-12-03 19:07:52',1),(3,3,1,'2020-05-03 19:07:52',1),(4,5,1,'2020-12-03 19:07:52',1),(5,7,2,'2020-12-22 19:07:52',1),(6,9,2,'2020-12-22 19:07:52',1),(7,6,2,'2020-12-04 19:07:52',1),(8,3,2,'2020-12-04 19:07:52',1),(9,10,3,'2020-12-04 19:07:52',1),(10,22,3,'2020-12-22 19:07:52',1),(11,23,3,'2020-12-04 19:07:52',1),(12,21,3,'2020-12-22 19:07:52',1),(13,29,4,'2021-01-19 20:30:24',1),(14,24,4,'2021-01-19 20:30:24',1),(15,21,4,'2021-01-19 20:30:24',1),(16,20,4,'2021-01-19 20:30:24',1),(17,26,5,'2021-01-19 20:30:24',1),(18,24,5,'2021-01-19 20:30:24',1),(19,28,5,'2021-01-19 20:30:24',1),(20,15,5,'2021-01-19 20:30:24',1),(21,14,6,'2021-01-19 20:30:24',1),(22,13,6,'2021-01-19 20:30:24',1),(23,11,6,'2021-01-19 20:30:24',1),(24,7,6,'2021-01-19 20:30:24',1),(25,1,7,'2021-01-19 20:30:24',1),(26,2,7,'2021-01-19 20:30:24',1),(27,3,7,'2021-01-19 20:30:24',1),(28,4,7,'2021-01-19 20:30:24',1),(29,5,8,'2021-01-19 20:30:24',1),(30,6,8,'2021-01-19 20:30:24',1),(31,7,8,'2021-01-19 20:30:24',1),(32,8,8,'2021-01-19 20:30:24',1),(33,9,9,'2021-01-19 20:30:24',1),(34,10,9,'2021-01-19 20:30:24',1),(35,12,9,'2021-01-19 20:30:24',1),(36,13,9,'2021-01-19 20:30:24',1),(37,14,10,'2021-01-19 20:30:24',1),(38,15,10,'2021-01-19 20:30:24',1),(39,16,10,'2021-01-19 20:30:24',1),(40,17,10,'2021-01-19 20:30:24',1),(41,18,11,'2021-01-19 20:30:24',1),(42,19,11,'2021-01-19 20:30:24',1),(43,20,11,'2021-01-19 20:30:24',1),(44,21,11,'2021-01-19 20:30:24',1),(45,22,12,'2021-01-19 20:30:24',1),(46,23,12,'2021-01-19 20:30:24',1),(47,24,12,'2021-01-19 20:30:24',1),(48,25,12,'2021-01-19 20:30:24',1),(49,26,13,'2021-01-19 20:30:24',1),(50,27,13,'2021-01-19 20:30:24',1),(51,28,13,'2021-01-19 20:30:24',1),(52,29,13,'2021-01-19 20:30:24',1),(53,1,14,'2021-01-19 20:30:24',1),(54,2,14,'2021-01-19 20:30:24',1),(55,3,14,'2021-01-19 20:30:24',1),(56,4,14,'2021-01-19 20:30:24',1),(57,5,15,'2021-01-19 20:30:24',1),(58,6,15,'2021-01-19 20:30:24',1),(59,7,15,'2021-01-19 20:30:24',1),(60,8,15,'2021-01-19 20:30:24',1),(61,9,16,'2021-01-19 20:30:24',1),(62,10,16,'2021-01-19 20:30:24',1),(63,11,16,'2021-01-19 20:30:24',1),(64,12,16,'2021-01-19 20:30:24',1),(65,13,17,'2021-01-19 20:30:24',1),(66,14,17,'2021-01-19 20:30:24',1),(67,15,17,'2021-01-19 20:30:24',1),(68,16,17,'2021-01-19 20:30:24',1),(69,17,18,'2021-01-19 20:30:24',1),(70,18,18,'2021-01-19 20:30:24',1),(71,19,18,'2021-01-19 20:30:24',1),(72,20,18,'2021-01-19 20:30:24',1),(73,21,19,'2021-01-19 20:30:24',1),(74,22,19,'2021-01-19 20:30:24',1),(75,23,19,'2021-01-19 20:30:24',1),(76,24,19,'2021-01-19 20:30:24',1),(77,25,20,'2021-01-19 20:30:24',1),(78,26,20,'2021-01-19 20:30:24',1),(79,27,20,'2021-01-19 20:30:24',1),(80,28,20,'2021-01-19 20:30:24',1),(81,29,21,'2021-01-19 20:30:24',1),(82,1,21,'2021-01-19 20:30:24',1),(83,2,21,'2021-01-19 20:30:24',1),(84,3,21,'2021-01-19 20:30:24',1),(85,4,22,'2021-01-19 20:30:24',1),(86,5,22,'2021-01-19 20:30:24',1),(87,6,22,'2021-01-19 20:30:24',1),(88,7,22,'2021-01-19 20:30:24',1),(89,8,23,'2021-01-19 20:30:24',1),(90,9,23,'2021-01-19 20:30:24',1),(91,10,23,'2021-01-19 20:30:24',1),(92,11,23,'2021-01-19 20:30:24',1),(93,12,24,'2021-01-19 20:30:24',1),(94,13,24,'2021-01-19 20:30:24',1),(95,14,24,'2021-01-19 20:30:24',1),(96,15,24,'2021-01-19 20:30:24',1),(97,16,25,'2021-01-19 20:30:24',1),(98,17,25,'2021-01-19 20:30:24',1),(99,18,25,'2021-01-19 20:30:24',1),(100,19,25,'2021-01-19 20:30:24',1),(101,20,26,'2021-01-19 20:30:24',1),(102,21,26,'2021-01-19 20:30:24',1),(103,22,26,'2021-01-19 20:30:24',1),(104,23,26,'2021-01-19 20:30:24',1),(105,24,27,'2021-01-19 20:30:24',1),(106,25,27,'2021-01-19 20:30:24',1),(107,26,27,'2021-01-19 20:30:24',1),(108,27,27,'2021-01-19 20:30:24',1),(109,28,28,'2021-01-19 20:30:24',1),(110,29,28,'2021-01-19 20:30:24',1),(111,1,28,'2021-01-19 20:30:24',1),(112,2,28,'2021-01-19 20:30:24',1),(113,3,29,'2021-01-19 20:30:24',1),(114,4,29,'2021-01-19 20:30:24',1),(115,5,29,'2021-01-19 20:30:24',1),(116,6,29,'2021-01-19 20:30:24',1),(117,7,30,'2021-01-19 20:30:24',1),(118,8,30,'2021-01-19 20:30:24',1),(119,9,30,'2021-01-19 20:30:24',1),(120,10,30,'2021-01-19 20:30:24',1),(121,11,31,'2021-01-19 20:30:24',1),(122,12,31,'2021-01-19 20:30:24',1),(123,13,31,'2021-01-19 20:30:24',1),(124,14,31,'2021-01-19 20:30:24',1),(125,15,32,'2021-01-19 20:30:24',1),(126,16,32,'2021-01-19 20:30:24',1),(127,17,32,'2021-01-19 20:30:24',1),(128,18,32,'2021-01-19 20:30:24',1),(129,19,33,'2021-01-19 20:30:24',1),(130,20,33,'2021-01-19 20:30:24',1),(131,21,33,'2021-01-19 20:30:24',1),(132,22,33,'2021-01-19 20:30:24',1),(133,23,34,'2021-01-19 20:30:24',1),(134,24,34,'2021-01-19 20:30:24',1),(135,25,34,'2021-01-19 20:30:24',1),(136,26,34,'2021-01-19 20:30:24',1),(137,27,35,'2021-01-19 20:30:24',1),(138,28,35,'2021-01-19 20:30:24',1),(139,29,35,'2021-01-19 20:30:24',1),(140,1,35,'2021-01-19 20:30:24',1),(141,2,36,'2021-01-19 20:30:24',1),(142,3,36,'2021-01-19 20:30:24',1),(143,4,36,'2021-01-19 20:30:24',1),(144,5,36,'2021-01-19 20:30:24',1),(145,6,37,'2021-01-19 20:30:24',1),(146,7,37,'2021-01-19 20:30:24',1),(147,8,37,'2021-01-19 20:30:24',1),(148,9,37,'2021-01-19 20:30:24',1);
/*!40000 ALTER TABLE `enroll_course` ENABLE KEYS */;
UNLOCK TABLES;

--
-- Table structure for table `feedback`
--

DROP TABLE IF EXISTS `feedback`;
/*!40101 SET @saved_cs_client     = @@character_set_client */;
/*!50503 SET character_set_client = utf8mb4 */;
CREATE TABLE `feedback` (
  `id` int(11) NOT NULL AUTO_INCREMENT,
  `id_user` int(11) NOT NULL,
  `id_course` int(11) NOT NULL,
  `comment` text CHARACTER SET utf8 COLLATE utf8_unicode_ci,
  `rating` int(11) DEFAULT NULL,
  `creation_date` datetime DEFAULT NULL,
  `modification_date` datetime DEFAULT NULL,
  `status` int(11) NOT NULL,
  PRIMARY KEY (`id`)
) ENGINE=MyISAM AUTO_INCREMENT=101 DEFAULT CHARSET=latin1;
/*!40101 SET character_set_client = @saved_cs_client */;

--
-- Dumping data for table `feedback`
--

LOCK TABLES `feedback` WRITE;
/*!40000 ALTER TABLE `feedback` DISABLE KEYS */;
INSERT INTO `feedback` VALUES (10,45,1,'Khóa học rất hay',4,'2020-12-25 16:07:28','2020-12-25 16:07:28',1),(9,46,1,'Good',5,'2020-08-04 20:07:52','2020-08-04 20:07:52',1),(8,40,5,'Good',3,'2020-08-04 20:07:52','2020-08-04 20:07:52',1),(7,41,6,'Bad',1,'2020-08-04 20:07:52','2020-08-04 20:07:52',1),(6,47,10,'Bad',1,'2020-08-04 20:07:52','2020-08-04 20:07:52',1),(5,44,7,'Bad',1,'2020-08-04 20:07:52','2020-08-04 20:07:52',1),(4,42,6,'Bad',1,'2020-08-04 20:07:52','2020-08-04 20:07:52',1),(3,43,6,'Tuyệt vời',5,'2020-08-04 20:07:52','2020-08-04 20:07:52',1),(2,48,10,'Very good',4,'2020-08-03 20:07:52','2020-08-03 20:07:52',1),(1,46,9,'Amazing goodjob em',5,'2020-08-02 20:07:52','2020-08-02 20:07:52',1),(12,47,1,'Bài tập hơi ít',3,'2020-12-25 16:07:28','2020-12-25 16:07:28',1),(13,48,1,'Tệ',1,'2020-12-25 16:07:28','2020-12-25 16:07:28',1),(15,37,1,'Tệ',5,'2020-12-25 16:07:28','2020-12-25 16:07:28',1),(18,38,3,'Good',5,'2020-12-26 05:54:44','2020-12-26 05:54:44',1),(19,39,4,'Hay lắm',4,'2020-12-26 05:54:44','2020-12-26 05:54:44',1),(20,45,8,'good',5,'2020-12-26 05:54:44','2020-12-26 05:54:44',1),(21,49,36,'Good',5,'2020-08-04 20:07:52','2020-08-04 20:07:52',1),(22,50,36,'Khóa học rất hay',4,'2020-12-25 16:07:28','2020-12-25 16:07:28',1),(23,51,36,'Bài tập hơi ít',3,'2020-12-25 16:07:28','2020-12-25 16:07:28',1),(24,52,36,'Tệ',1,'2020-12-25 16:07:28','2020-12-25 16:07:28',1),(25,53,37,'Good',5,'2020-08-04 20:07:52','2020-08-04 20:07:52',1),(26,54,37,'Khóa học rất hay',4,'2020-12-25 16:07:28','2020-12-25 16:07:28',1),(27,55,37,'Bài tập hơi ít',3,'2020-12-25 16:07:28','2020-12-25 16:07:28',1),(28,37,37,'Tệ',1,'2020-12-25 16:07:28','2020-12-25 16:07:28',1),(29,38,38,'Good',5,'2020-08-04 20:07:52','2020-08-04 20:07:52',1),(30,39,38,'Khóa học rất hay',4,'2020-12-25 16:07:28','2020-12-25 16:07:28',1),(31,40,38,'Bài tập hơi ít',3,'2020-12-25 16:07:28','2020-12-25 16:07:28',1),(32,41,38,'Tệ',1,'2020-12-25 16:07:28','2020-12-25 16:07:28',1),(33,42,39,'Good',5,'2020-08-04 20:07:52','2020-08-04 20:07:52',1),(34,43,39,'Khóa học rất hay',4,'2020-12-25 16:07:28','2020-12-25 16:07:28',1),(35,44,39,'Bài tập hơi ít',3,'2020-12-25 16:07:28','2020-12-25 16:07:28',1),(36,45,39,'Tệ',1,'2020-12-25 16:07:28','2020-12-25 16:07:28',1),(37,46,40,'Good',5,'2020-08-04 20:07:52','2020-08-04 20:07:52',1),(38,47,40,'Khóa học rất hay',4,'2020-12-25 16:07:28','2020-12-25 16:07:28',1),(39,48,40,'Bài tập hơi ít',3,'2020-12-25 16:07:28','2020-12-25 16:07:28',1),(40,57,40,'Tệ',1,'2020-12-25 16:07:28','2020-12-25 16:07:28',1),(41,38,41,'Good',5,'2020-08-04 20:07:52','2020-08-04 20:07:52',1),(42,39,41,'Khóa học rất hay',4,'2020-12-25 16:07:28','2020-12-25 16:07:28',1),(43,40,41,'Bài tập hơi ít',3,'2020-12-25 16:07:28','2020-12-25 16:07:28',1),(44,41,41,'Tệ',1,'2020-12-25 16:07:28','2020-12-25 16:07:28',1),(45,38,42,'Good',5,'2020-08-04 20:07:52','2020-08-04 20:07:52',1),(46,39,42,'Khóa học rất hay',4,'2020-12-25 16:07:28','2020-12-25 16:07:28',1),(47,40,42,'Bài tập hơi ít',3,'2020-12-25 16:07:28','2020-12-25 16:07:28',1),(48,41,42,'Tệ',1,'2020-12-25 16:07:28','2020-12-25 16:07:28',1),(49,42,43,'Good',5,'2020-08-04 20:07:52','2020-08-04 20:07:52',1),(50,43,43,'Khóa học rất hay',4,'2020-12-25 16:07:28','2020-12-25 16:07:28',1),(51,44,43,'Bài tập hơi ít',3,'2020-12-25 16:07:28','2020-12-25 16:07:28',1),(52,45,43,'Tệ',1,'2020-12-25 16:07:28','2020-12-25 16:07:28',1),(53,46,44,'Good',5,'2020-08-04 20:07:52','2020-08-04 20:07:52',1),(54,47,44,'Khóa học rất hay',4,'2020-12-25 16:07:28','2020-12-25 16:07:28',1),(55,48,44,'Bài tập hơi ít',3,'2020-12-25 16:07:28','2020-12-25 16:07:28',1),(56,49,44,'Tệ',1,'2020-12-25 16:07:28','2020-12-25 16:07:28',1),(57,50,45,'Good',5,'2020-08-04 20:07:52','2020-08-04 20:07:52',1),(58,51,45,'Khóa học rất hay',4,'2020-12-25 16:07:28','2020-12-25 16:07:28',1),(59,52,45,'Bài tập hơi ít',3,'2020-12-25 16:07:28','2020-12-25 16:07:28',1),(60,53,45,'Tệ',1,'2020-12-25 16:07:28','2020-12-25 16:07:28',1),(61,54,46,'Good',5,'2020-08-04 20:07:52','2020-08-04 20:07:52',1),(62,55,46,'Khóa học rất hay',4,'2020-12-25 16:07:28','2020-12-25 16:07:28',1),(63,56,46,'Bài tập hơi ít',3,'2020-12-25 16:07:28','2020-12-25 16:07:28',1),(64,57,46,'Tệ',1,'2020-12-25 16:07:28','2020-12-25 16:07:28',1),(65,38,47,'Good',5,'2020-08-04 20:07:52','2020-08-04 20:07:52',1),(66,39,47,'Khóa học rất hay',4,'2020-12-25 16:07:28','2020-12-25 16:07:28',1),(67,40,47,'Bài tập hơi ít',3,'2020-12-25 16:07:28','2020-12-25 16:07:28',1),(68,41,47,'Tệ',1,'2020-12-25 16:07:28','2020-12-25 16:07:28',1),(69,46,48,'Good',5,'2020-08-04 20:07:52','2020-08-04 20:07:52',1),(70,47,48,'Khóa học rất hay',4,'2020-12-25 16:07:28','2020-12-25 16:07:28',1),(71,48,48,'Bài tập hơi ít',3,'2020-12-25 16:07:28','2020-12-25 16:07:28',1),(72,49,48,'Tệ',1,'2020-12-25 16:07:28','2020-12-25 16:07:28',1),(73,50,49,'Good',5,'2020-08-04 20:07:52','2020-08-04 20:07:52',1),(74,51,49,'Khóa học rất hay',4,'2020-12-25 16:07:28','2020-12-25 16:07:28',1),(75,52,49,'Bài tập hơi ít',3,'2020-12-25 16:07:28','2020-12-25 16:07:28',1),(76,53,49,'Tệ',1,'2020-12-25 16:07:28','2020-12-25 16:07:28',1),(77,54,50,'Good',5,'2020-08-04 20:07:52','2020-08-04 20:07:52',1),(78,55,50,'Khóa học rất hay',4,'2020-12-25 16:07:28','2020-12-25 16:07:28',1),(79,56,50,'Bài tập hơi ít',3,'2020-12-25 16:07:28','2020-12-25 16:07:28',1),(80,57,50,'Tệ',1,'2020-12-25 16:07:28','2020-12-25 16:07:28',1),(81,38,51,'Good',5,'2020-08-04 20:07:52','2020-08-04 20:07:52',1),(82,39,51,'Khóa học rất hay',4,'2020-12-25 16:07:28','2020-12-25 16:07:28',1),(83,40,51,'Bài tập hơi ít',3,'2020-12-25 16:07:28','2020-12-25 16:07:28',1),(84,41,51,'Tệ',1,'2020-12-25 16:07:28','2020-12-25 16:07:28',1),(85,38,52,'Good',5,'2020-08-04 20:07:52','2020-08-04 20:07:52',1),(86,39,52,'Khóa học rất hay',4,'2020-12-25 16:07:28','2020-12-25 16:07:28',1),(87,40,52,'Bài tập hơi ít',3,'2020-12-25 16:07:28','2020-12-25 16:07:28',1),(88,41,52,'Tệ',1,'2020-12-25 16:07:28','2020-12-25 16:07:28',1),(89,42,53,'Good',5,'2020-08-04 20:07:52','2020-08-04 20:07:52',1),(90,43,53,'Khóa học rất hay',4,'2020-12-25 16:07:28','2020-12-25 16:07:28',1),(91,44,53,'Bài tập hơi ít',3,'2020-12-25 16:07:28','2020-12-25 16:07:28',1),(92,45,53,'Tệ',1,'2020-12-25 16:07:28','2020-12-25 16:07:28',1),(93,46,54,'Good',5,'2020-08-04 20:07:52','2020-08-04 20:07:52',1),(94,47,54,'Khóa học rất hay',4,'2020-12-25 16:07:28','2020-12-25 16:07:28',1),(95,48,54,'Bài tập hơi ít',3,'2020-12-25 16:07:28','2020-12-25 16:07:28',1),(96,49,54,'Tệ',1,'2020-12-25 16:07:28','2020-12-25 16:07:28',1),(97,50,55,'Good',5,'2020-08-04 20:07:52','2020-08-04 20:07:52',1),(98,51,55,'Khóa học rất hay',4,'2020-12-25 16:07:28','2020-12-25 16:07:28',1),(99,52,55,'Bài tập hơi ít',3,'2020-12-25 16:07:28','2020-12-25 16:07:28',1),(100,53,55,'Tệ',1,'2020-12-25 16:07:28','2020-12-25 16:07:28',1);
/*!40000 ALTER TABLE `feedback` ENABLE KEYS */;
UNLOCK TABLES;

--
-- Table structure for table `lesson`
--

DROP TABLE IF EXISTS `lesson`;
/*!40101 SET @saved_cs_client     = @@character_set_client */;
/*!50503 SET character_set_client = utf8mb4 */;
CREATE TABLE `lesson` (
  `id` int(11) NOT NULL AUTO_INCREMENT,
  `name` varchar(255) CHARACTER SET utf8 COLLATE utf8_unicode_ci NOT NULL,
  `content` text CHARACTER SET utf8 COLLATE utf8_unicode_ci,
  `video` varchar(255) DEFAULT NULL,
  `creation_date` datetime DEFAULT NULL,
  `modification_date` datetime DEFAULT NULL,
  `id_chapter` int(11) NOT NULL,
  `status` int(11) NOT NULL,
  PRIMARY KEY (`id`)
) ENGINE=InnoDB AUTO_INCREMENT=16 DEFAULT CHARSET=latin1;
/*!40101 SET character_set_client = @saved_cs_client */;

--
-- Dumping data for table `lesson`
--

LOCK TABLES `lesson` WRITE;
/*!40000 ALTER TABLE `lesson` DISABLE KEYS */;
INSERT INTO `lesson` VALUES (1,'Bài 1: Giới thiệu khóa học','<p>Giới thiệu kh&oacute;a học 1</p>','1.mp4','2020-11-28 19:07:52','2020-12-29 07:18:07',1,1),(2,'Bài 2: Cài đặt phần mềm cần thiết','Cài đặt phần mềm cần thiết','2.mp4','2020-11-28 19:07:52','2020-11-28 19:07:52',1,1),(3,'Bài 3: Ôn tập kiến thức cơ bản','Ôn tập kiến thức cơ bản','3.mp4','2020-11-28 19:07:52','2020-11-28 19:07:52',2,1),(4,'Bài 4: Giới thiệu kiến thức mới','Giới thiệu kiến thức mới','4.mp4','2020-11-28 19:07:52','2020-11-28 19:07:52',2,1),(5,'Bài 1: Giới thiệu khóa học và cách học hiệu quả','<p>Giới thiệu kh&oacute;a học v&agrave; c&aacute;ch học hiệu quả</p>','5.mp4','2020-12-28 16:04:13','2020-12-28 16:04:13',18,1),(12,'Bài 1: Giới thiệu khóa học và cách học hiệu quả 1','<p>Giới thiệu kh&oacute;a học v&agrave; c&aacute;ch học hiệu quả</p>','12.mp4','2021-01-01 02:10:12','2021-01-05 06:55:36',28,1),(14,'Bài 2: Giới thiệu khóa học và cách học hiệu quả','<p>Giới thiệu kh&oacute;a học v&agrave; c&aacute;ch học hiệu quả</p>','14.mp4','2021-01-05 07:21:32','2021-01-05 07:58:14',28,1),(15,'Bài 2: Giới thiệu khóa học và cách học hiệu qu2','<p>Giới thiệu kh&oacute;a học v&agrave; c&aacute;ch học hiệu quả</p>','15.mp4','2021-01-05 08:03:24','2021-01-05 08:03:24',32,1);
/*!40000 ALTER TABLE `lesson` ENABLE KEYS */;
UNLOCK TABLES;

--
-- Table structure for table `teacher`
--

DROP TABLE IF EXISTS `teacher`;
/*!40101 SET @saved_cs_client     = @@character_set_client */;
/*!50503 SET character_set_client = utf8mb4 */;
CREATE TABLE `teacher` (
  `id` int(11) NOT NULL AUTO_INCREMENT,
  `info` text CHARACTER SET utf8 COLLATE utf8_unicode_ci,
  `status` int(11) DEFAULT NULL,
  PRIMARY KEY (`id`)
) ENGINE=InnoDB AUTO_INCREMENT=5 DEFAULT CHARSET=latin1;
/*!40101 SET character_set_client = @saved_cs_client */;

--
-- Dumping data for table `teacher`
--

LOCK TABLES `teacher` WRITE;
/*!40000 ALTER TABLE `teacher` DISABLE KEYS */;
INSERT INTO `teacher` VALUES (1,'<p>Giảng viên Nguyễn Hữu Duy là nhà kinh doanh trực tuyến bằng hình thức Marketing Online.</p>',1),(3,'<p>Giảng viên Trần Vũ Công là nhà kinh doanh trực tuyến bằng hình thức Marketing Online.</p>',1),(4,'<p>Giảng viên Nguyễn Văn Diện là nhà kinh doanh trực tuyến bằng hình thức Marketing Online.</p>',0);
/*!40000 ALTER TABLE `teacher` ENABLE KEYS */;
UNLOCK TABLES;

--
-- Table structure for table `user`
--

DROP TABLE IF EXISTS `user`;
/*!40101 SET @saved_cs_client     = @@character_set_client */;
/*!50503 SET character_set_client = utf8mb4 */;
CREATE TABLE `user` (
  `id` int(11) NOT NULL AUTO_INCREMENT,
  `fullname` varchar(255) CHARACTER SET utf8 COLLATE utf8_unicode_ci DEFAULT NULL,
  `phone` varchar(20) DEFAULT NULL,
  `email` varchar(255) DEFAULT NULL,
  `username` varchar(255) NOT NULL,
  `password` text NOT NULL,
  `role` int(11) DEFAULT NULL,
  `creation_date` datetime DEFAULT NULL,
  `modification_date` datetime DEFAULT NULL,
  `status` int(11) NOT NULL,
  `avatar` varchar(255) DEFAULT NULL,
  PRIMARY KEY (`id`),
  UNIQUE KEY `username_UNIQUE` (`username`)
) ENGINE=InnoDB AUTO_INCREMENT=60 DEFAULT CHARSET=latin1;
/*!40101 SET character_set_client = @saved_cs_client */;

--
-- Dumping data for table `user`
--

LOCK TABLES `user` WRITE;
/*!40000 ALTER TABLE `user` DISABLE KEYS */;
INSERT INTO `user` VALUES (1,'Nguyễn Hữu Duy','0369439960','nguyenhuuduynvc@gmail.com','huuduy','$2a$10$TTfR1OuTRn95Yqbi8GREJ.ck2Ihn9fpnA8Abb.KEET2tCZYFAeQoO',2,'2020-12-29 10:34:22','2021-01-19 23:14:32',1,'1.jpg'),(2,'Ngọc Minh Duy','0961509619','minhduy3110@gmail.com','nmd30cm','$2a$10$q/2pNU9r9XoS5KHpfl7hEu47xMnwYiCc3UKgwLFeV06/xmjL0IEPC',2,'2020-07-28 19:07:52','2020-07-28 19:07:52',1,'2.jpg'),(3,'Trần Vũ Công 1','0281516887','maydapdaklak@gmail.com','trancong1','$2a$10$q/2pNU9r9XoS5KHpfl7hEu47xMnwYiCc3UKgwLFeV06/xmjL0IEPC',2,'2020-12-29 10:34:08','2021-01-05 06:18:44',1,'3.jpg'),(4,'Nguyễn Văn Diện','0966028215','vandien3103@gmail.com','vandien99','$2a$10$q/2pNU9r9XoS5KHpfl7hEu47xMnwYiCc3UKgwLFeV06/xmjL0IEPC',1,'2020-07-28 19:07:52','2021-01-05 05:24:33',1,'4.jpg'),(37,'Administration','0396993690','admin.rekdu@gmail.com','admin','$2a$10$oBEbkh5CVWBbVj9JSldO8OzbGfOzbkCcTDsLrJrKkXkOjCymfVmzi',3,'2020-12-29 17:10:03','2020-12-29 17:10:03',1,'37.jpg'),(38,'Bùi Lê Tường An','0941234567','builetuongan@gmail.com','tuongan','$2a$10$CFuUkx.Y8.46k9Br0twZyu0M5dTw1guC0ReLigAk.JwonQs2nyBke',1,'2021-01-19 00:33:00','2021-01-19 00:33:00',1,'38.jpg'),(39,'Trần Công Đức','0969666123','congduc@gmail.com','congduc','$2a$10$2I0KamhcL5QatUy4p1dNUuMm2mpr3UAbVkobpKmQac7Y1z1JL90je',1,'2021-01-19 00:34:17','2021-01-19 00:34:17',1,'39.jpg'),(40,'Vũ Lê Hương Giang','0378505457','huonggiang@gmail.com','huonggiang','$2a$10$s3DUQMQ0r8OcuBoV0/nDqeByNZ5Znveq1uNGJeUw.i91Qwy5XYHzy',1,'2021-01-19 00:35:07','2021-01-19 00:35:07',1,'40.jpg'),(41,'Lê Thị Thơm','0377898616','letho@gmail.com','lethom','$2a$10$nyknJc4pS5om6aK4NDU1q.IGwmTSB01GCOUTfsOwNMgXssumxqoj.',1,'2021-01-19 00:36:13','2021-01-19 00:36:13',1,'41.jpg'),(42,'Nguyễn Hải An','0323476519','haian@gmail.com','haian','$2a$10$5ClckJt87cjmcsZHbBSAWuv2sKwPuAdlHUNwBvo.q783/I48VdMAm',1,'2021-01-19 00:37:29','2021-01-19 00:37:29',1,'42.jpg'),(43,'Lương Hải Ngân','0379232001','haingan@gmail.com','haingan','$2a$10$5X5YdM9XCVOCW3Gdfz0LnujSLkahe28klkVmDGhX02c3LXkJY.K3C',1,'2021-01-19 00:38:04','2021-01-19 00:38:04',1,'43.jpg'),(44,'Trần Đức Bo','0961239239','ducbo@gmail.com','ducbo','$2a$10$4WgOzXcLSglpEqPdi7InmuKu.j8eQaFxP/4XrMTFo4S7l.VomPg8q',1,'2021-01-19 00:38:47','2021-01-19 00:38:47',1,'44.jpg'),(45,'Nguyễn Thị Cẩm Tú','0981761988','camtu@gmail.com','camtu','$2a$10$ip08DubujdYDVzM9CZrkee/UFaJ2w7NABbGVFdljHi0nSSdIHe12K',1,'2021-01-19 00:39:35','2021-01-19 00:39:35',1,'45.jpg'),(46,'Đỗ Tường Vy','0912361777','tuongvy@gmail.com','tuongvy','$2a$10$06G86LI/WESAPtnovm3LYeLXWVr7d4xJ6zDCy2jO4VoIuDS61uW3u',1,'2021-01-19 00:40:11','2021-01-19 00:40:11',1,'46.jpg'),(47,'Nguyễn Hoàng Quí','0912819200','hoangqui@gmail.com','hoangqui','$2a$10$TUEatDaQ.UmDSfRgTl8IUOxb.pGEYLt24v7dbJ4zy10PNvPliCAn.',1,'2021-01-19 00:40:53','2021-01-19 00:40:53',1,'47.jpg'),(48,'Nguyễn Đức Phước','0912991234','ducphuoc@gmail.com','ducphuoc','$2a$10$4talDQ6iBehIp2elXIIgO.sX3aKVrcerL0wbEim7yVuKRPpBhspQm',1,'2021-01-19 00:41:48','2021-01-19 00:41:48',1,'48.jpg'),(49,'Đinh Thị Hà','0123123123','dinhha@gmail.com','dinhha','$2a$10$7od7GcspWvB9I0pJvcvTgu8BREME.i85.n5M87LxB8DsFllo2BuS.',1,'2021-01-19 00:42:23','2021-01-19 00:42:23',1,'49.jpg'),(50,'Nguyễn Hồng Nhung','0912312711','hongnhung@gmail.com','hongnhun','$2a$10$Mr/ZxwXUot.agt6wKdBVReZ.RezveFZx9OQTU2WN7d3Q44GtvinKK',1,'2021-01-19 00:43:06','2021-01-19 00:43:06',1,'50.jpg'),(51,'Trần Dần','0124177641','trandan@gmail.com','trandan','$2a$10$p8Z9iA7/muwo.fWfBL9qKuYMdapNDx0KeXC/OBzj4LuFtdTZ0Se7e',1,'2021-01-19 00:43:54','2021-01-19 00:43:54',1,'51.jpg'),(52,'Phạm Thị Trang','0912881231','thitrang@gmail.com','thitrang','$2a$10$yns5nm8uuXh6pM/9q8R7MuBVY/rZYoTy46oeiBYgyuZZBLEqpDW/i',1,'2021-01-19 00:44:58','2021-01-19 00:44:58',1,'52.jpg'),(53,'Cần Văn Ba','0911564312','vanba@gmail.com','vanba','$2a$10$eUWGLGqHgZ1P2oEuPjz51utHUtDFS/K0P6mFLerovVfwDEXwyxs7q',1,'2021-01-19 00:45:36','2021-01-19 00:45:36',1,'53.jpg'),(54,'Trần Hoàng Mai','0919011563','hoangmai@gmail.com','hoangmai','$2a$10$cxmshif2z/7pZ3B/VvW3Ne0v25bQvgsVlaIPr5zK1HdRvJYJk2hFO',1,'2021-01-19 00:46:21','2021-01-19 00:46:21',1,'54.jpg'),(55,'Ngọc Minh An','0912612394','minhan@gmail.com','minhan','$2a$10$.WVYwM9KVCrOoBkx6lVFRuog1zt2PPA6aUczs6nJWxSaa/53G0rz2',1,'2021-01-19 00:47:02','2021-01-19 00:47:02',1,'55.jpg'),(56,'Vũ Thanh Hải','0192318234','thanhhai@gmail.com','thanhhai','$2a$10$N5E5PQd.iTQLWUsMl77Vu.P.CT3TxQn3LmMCfvD5rBj1RYsBlbNwS',1,'2021-01-19 00:47:36','2021-01-19 00:47:36',1,'56.jpg'),(57,'Nguyễn Đinh','0222923473','nguyendinh@gmail.com','nguyendinh','$2a$10$lMqU0laVjK9yRvQVuxoQO.ByPStWE9Vi/UUG0ZFsL.noChNkV4.Ei',1,'2021-01-19 00:49:14','2021-01-19 00:49:14',1,'57.jpg'),(58,'Phạm Đức Huy','0912378544','duchuy@gmail.com','duchuy','$2a$10$3Wu44taSC4IdtB8q7O1HPOkL1Yvqw52hlb1VA6esQ2ZzuG.6.qGfS',1,'2021-01-19 00:50:50','2021-01-19 00:50:50',1,'58.jpg'),(59,'Nguyễn Hoàng Yến','0737091274','hoangyen@gmail.com','hoangyen','$2a$10$KIP0aktwzI/tX3PEsKlt9uD4U3WcnUE5bcbsre0haFcjP1Qih2ODu',1,'2021-01-19 00:51:33','2021-01-19 00:51:33',1,'59.jpg');
/*!40000 ALTER TABLE `user` ENABLE KEYS */;
UNLOCK TABLES;

--
-- Table structure for table `watch_list`
--

DROP TABLE IF EXISTS `watch_list`;
/*!40101 SET @saved_cs_client     = @@character_set_client */;
/*!50503 SET character_set_client = utf8mb4 */;
CREATE TABLE `watch_list` (
  `id` int(11) NOT NULL AUTO_INCREMENT,
  `id_user` int(11) NOT NULL,
  `id_course` int(11) NOT NULL,
  PRIMARY KEY (`id`)
) ENGINE=InnoDB AUTO_INCREMENT=36 DEFAULT CHARSET=utf8 COLLATE=utf8_unicode_ci;
/*!40101 SET character_set_client = @saved_cs_client */;

--
-- Dumping data for table `watch_list`
--

LOCK TABLES `watch_list` WRITE;
/*!40000 ALTER TABLE `watch_list` DISABLE KEYS */;
INSERT INTO `watch_list` VALUES (31,1,1),(32,1,2),(33,1,3),(34,1,5),(35,1,4);
/*!40000 ALTER TABLE `watch_list` ENABLE KEYS */;
UNLOCK TABLES;
/*!40103 SET TIME_ZONE=@OLD_TIME_ZONE */;

/*!40101 SET SQL_MODE=@OLD_SQL_MODE */;
/*!40014 SET FOREIGN_KEY_CHECKS=@OLD_FOREIGN_KEY_CHECKS */;
/*!40014 SET UNIQUE_CHECKS=@OLD_UNIQUE_CHECKS */;
/*!40101 SET CHARACTER_SET_CLIENT=@OLD_CHARACTER_SET_CLIENT */;
/*!40101 SET CHARACTER_SET_RESULTS=@OLD_CHARACTER_SET_RESULTS */;
/*!40101 SET COLLATION_CONNECTION=@OLD_COLLATION_CONNECTION */;
/*!40111 SET SQL_NOTES=@OLD_SQL_NOTES */;

-- Dump completed on 2021-01-20  2:12:16
